,complains,subscription_length,charge_amount,seconds_of_use,frequency_of_use,distinct_called_numbers,age_group,tariff_plan,status,customer_value
1872,0,36.0,0,650,47,16.0,3,1,2,95.88
1635,0,35.0,0,3528,82,30.0,3,1,1,252.4
2367,0,46.0,0,1275,30,16.0,3,1,2,192.2
2817,0,40.0,0,825,19,7.0,3,1,2,77.76
2222,1,33.0,0,1200,50,17.0,3,1,2,122.0
1523,0,34.0,9,10730,97,55.0,4,1,1,308.175
130,0,31.0,0,6725,94,20.0,4,1,1,192.975
606,0,37.0,0,2245,33,14.0,3,1,1,1103.12
813,0,43.0,2,3095,33,9.0,4,1,1,1305.7
775,0,29.0,0,2840,16,13.0,3,1,1,114.24
1293,0,19.0,0,2840,53,17.0,3,1,1,115.72
886,0,36.0,0,2375,55,20.0,3,1,2,281.2
462,0,38.0,5,14127,198,47.0,3,1,1,939.0
1850,0,41.0,0,4065,71,16.0,3,1,1,189.44
1736,0,33.0,0,1550,39,21.0,3,1,2,223.56
508,0,38.0,0,13173,159,29.0,3,1,1,533.28
1382,1,28.0,0,0,0,0.0,4,1,1,0.0
906,0,37.0,0,1650,28,18.0,3,1,1,1107.12
306,0,32.0,0,2100,29,12.0,3,1,1,1165.16
596,0,16.0,1,9048,177,44.0,5,1,1,295.875
1798,0,15.5,0,3895,33,5.0,3,1,1,953.12
1214,0,39.0,0,14127,178,32.0,2,1,1,1383.21
2644,0,20.0,1,1400,22,2.0,2,1,1,126.99
2134,0,36.0,4,7270,122,35.0,3,2,1,1407.68
1642,0,24.0,0,1035,32,15.0,2,1,1,246.015
1198,0,15.5,0,4025,31,6.0,3,1,1,974.24
2398,0,17.0,3,4955,56,18.0,3,1,1,1148.44
2668,0,40.0,0,420,12,6.0,3,1,2,173.28
225,0,30.0,0,2760,20,10.0,3,1,1,111.2
1748,0,15.5,0,4275,35,11.0,3,1,1,1040.4
1138,1,27.0,1,1070,33,11.0,2,2,1,909.135
2121,0,39.0,2,7023,81,39.0,2,1,1,837.18
2185,0,40.0,2,4083,91,32.0,3,1,1,222.96
1266,0,31.0,0,490,6,5.0,2,1,2,22.32
829,0,41.0,1,1668,31,7.0,4,1,1,62.475
2335,0,34.0,1,3943,86,26.0,3,1,1,189.16
1611,0,37.0,0,2048,54,19.0,3,1,2,216.08
2536,0,34.0,0,1790,42,17.0,3,1,2,209.28
714,0,37.0,0,14127,181,27.0,2,1,1,1330.92
2501,0,38.0,0,305,6,2.0,3,1,2,40.44
2401,0,35.0,0,305,6,2.0,2,1,2,45.495
810,0,43.0,1,5918,101,13.0,3,1,1,300.76
2408,0,34.0,1,13818,165,40.0,3,1,1,587.32
650,0,38.0,0,4560,72,20.0,3,1,1,241.28
1906,0,37.0,0,2765,44,16.0,3,1,1,1256.36
424,1,33.0,1,5638,90,19.0,2,1,1,325.26
2884,0,31.0,3,7270,116,34.0,2,2,1,1547.37
1067,0,36.0,0,405,8,6.0,2,1,2,45.585
316,0,31.0,0,615,4,5.0,2,1,2,27.855
2958,0,41.0,2,14127,186,46.0,3,1,1,658.96
1848,0,15.5,0,4085,28,7.0,2,1,1,1085.085
1429,0,37.0,0,1543,27,9.0,3,1,1,78.8
1259,0,32.0,0,4130,75,19.0,3,1,1,168.2
1458,0,33.0,0,13288,155,37.0,3,1,1,537.72
2263,0,44.0,3,3480,35,14.0,4,1,1,1337.875
2693,0,28.0,2,3645,73,29.0,4,1,1,210.45
2677,1,39.0,0,2688,56,37.0,4,1,2,251.1
1437,0,37.0,0,2655,55,26.0,2,1,1,927.45
2471,0,42.0,2,7203,89,44.0,2,1,1,895.14
120,0,35.0,0,11405,151,45.0,3,1,1,486.24
439,0,23.0,0,1388,31,63.0,4,1,1,82.975
2776,1,37.0,0,3485,48,21.0,3,1,2,241.32
2286,1,41.0,0,2050,52,26.0,4,1,2,190.05
1209,0,40.0,1,4290,79,27.0,3,1,1,194.76
751,0,34.0,0,318,4,3.0,2,1,2,14.49
2436,0,31.0,0,1710,40,16.0,3,1,2,190.0
2389,0,34.0,2,2133,55,68.5,5,1,1,110.82
300,0,32.0,0,4110,61,11.0,2,1,1,187.695
224,1,32.0,0,5738,96,20.0,2,1,1,334.53
141,1,24.0,0,765,7,1.0,4,1,2,59.3
1346,0,19.0,0,8888,175,44.0,4,1,1,429.075
2418,0,33.0,0,305,6,2.0,2,1,2,45.495
2664,0,40.0,2,14127,194,36.0,3,1,1,1399.96
991,0,26.0,0,825,10,3.0,4,1,2,73.375
1059,0,36.0,0,4210,77,23.0,3,1,1,171.48
2832,0,38.0,2,453,9,1.0,5,1,1,9.93
2906,0,45.0,2,2665,51,21.0,4,1,1,817.9
692,0,25.0,0,1415,33,16.0,2,1,1,191.16
40,0,27.0,0,700,25,7.0,2,1,2,77.625
2999,1,15.5,3,2502,36,9.0,3,1,1,161.52
1339,0,30.0,0,1523,43,68.5,4,1,1,134.15
2762,1,40.0,4,14127,198,37.0,3,1,1,914.68
1789,0,24.0,0,1073,32,63.0,4,1,1,62.625
2869,0,34.0,0,7813,127,44.0,2,1,1,1815.735625
878,0,37.0,0,843,13,2.0,3,1,2,66.24
1971,0,34.0,0,5703,58,35.0,2,1,1,601.245
778,1,31.0,0,0,0,0.0,2,1,2,0.0
1762,0,36.0,2,14127,198,27.0,3,1,1,746.52
366,0,40.0,0,1055,22,16.0,2,1,2,97.965
1547,0,15.5,4,3148,49,32.0,3,1,1,307.88
1892,0,28.0,0,920,32,12.0,2,1,1,132.84
2506,0,37.0,1,2485,37,15.0,3,1,1,1224.88
304,0,32.0,0,2133,48,27.0,1,1,1,119.955
2810,0,40.0,1,6033,100,11.0,3,1,1,265.32
1403,0,39.0,0,4073,68,38.0,1,1,1,255.255
2318,0,35.0,0,305,6,2.0,2,1,2,45.495
2710,0,39.0,0,6108,95,10.0,2,1,1,310.635
1408,0,39.0,0,13648,171,47.0,3,1,1,568.76
133,0,29.0,2,14127,198,68.5,2,1,1,731.25
2635,0,38.0,0,3423,78,15.0,3,1,1,168.04
1492,0,20.0,0,740,18,6.0,2,1,1,38.61
1546,0,15.5,1,9228,175,53.0,4,1,1,452.575
928,0,35.0,0,0,0,0.0,3,1,2,0.0
2520,0,36.0,2,11590,152,44.0,4,1,1,311.05
2818,0,39.0,0,0,0,0.0,2,1,2,0.0
2449,1,15.5,0,1533,15,3.0,3,1,1,89.92
2198,0,15.5,3,4755,49,14.0,3,1,1,1100.16
2888,0,24.0,1,1620,36,12.0,2,2,1,938.52
2820,0,39.0,2,11580,159,46.0,4,1,1,315.975
2790,0,29.0,0,1195,32,12.0,3,1,2,153.08
1632,0,35.0,1,148,4,4.0,5,1,1,45.78
2860,0,35.0,0,6223,95,13.0,2,1,1,311.31
2503,0,37.0,1,4323,64,32.0,1,1,1,279.785
94,0,20.0,1,1755,29,16.0,2,1,1,228.78
78,0,38.0,1,193,5,4.0,3,1,1,27.92
2622,0,35.0,0,660,43,4.0,3,1,2,56.12
2595,0,19.0,4,7298,157,59.0,2,2,1,843.975
2566,0,39.0,0,1780,30,28.0,2,1,2,207.45
523,0,36.0,6,9835,83,27.0,4,1,1,247.95
2132,0,38.0,2,643,10,4.0,5,1,1,26.295
2801,0,41.0,0,433,10,3.0,3,1,2,37.72
1687,0,33.0,0,2360,41,17.0,2,1,1,720.045
18,0,37.0,0,0,0,0.0,2,1,2,0.0
349,1,15.5,0,1228,9,1.0,2,1,1,55.665
266,0,43.0,0,1135,24,17.0,2,1,2,119.655
1878,0,39.0,0,0,0,0.0,3,1,2,4.0
887,0,37.0,1,3490,64,23.0,2,1,1,983.43
16,0,37.0,0,875,14,11.0,2,1,2,40.005
2938,0,34.0,3,1620,48,14.0,3,2,1,898.72
1383,0,23.0,1,14127,198,68.5,2,1,1,707.94
1937,0,35.0,0,3185,58,21.0,2,1,1,937.935
1944,0,17.0,0,2100,31,12.0,2,1,1,226.395
2800,0,40.0,1,4485,76,16.0,3,1,1,194.44
504,0,38.0,0,1793,48,18.0,1,1,1,101.255
2941,0,33.0,0,1130,22,6.0,4,1,2,118.8
180,0,37.0,2,6865,99,26.0,5,1,1,140.46
505,0,38.0,0,3175,72,13.0,3,1,1,173.88
730,0,33.0,1,6595,96,19.0,5,1,1,107.865
331,1,30.0,0,0,0,0.0,4,1,2,0.0
174,0,40.0,2,5898,100,28.0,2,1,1,431.91
1298,0,15.5,0,4005,32,4.0,3,1,1,953.48
2909,0,45.0,3,4820,95,28.0,4,1,1,165.375
871,0,38.0,2,7428,86,37.0,2,1,1,860.13
490,0,27.0,0,1300,35,22.0,3,1,2,177.4
1195,0,15.5,0,6028,132,38.0,1,2,1,740.3
2637,0,38.0,0,2485,49,10.0,2,1,1,838.53
861,0,39.0,0,2948,65,17.0,3,1,2,184.52
1746,0,15.5,0,8817,166,41.0,4,1,1,412.075
2316,0,35.0,0,1100,18,9.0,2,1,2,81.81
1091,0,24.0,0,520,4,1.0,4,1,2,48.1
2749,0,15.5,1,1678,19,5.0,3,1,1,95.88
1164,0,33.0,0,14127,173,26.0,2,1,1,1309.185
2838,0,29.0,2,1430,41,10.0,3,2,1,822.84
531,0,36.0,0,0,0,0.0,4,1,2,0.0
2837,0,38.0,1,2895,58,22.0,2,1,1,911.385
1448,0,15.5,0,4265,42,13.0,3,1,1,1048.28
261,1,44.0,0,2498,64,23.0,3,1,2,194.48
1627,0,35.0,0,2078,44,33.0,3,1,2,320.88
258,0,44.0,1,14033,179,50.0,3,1,1,628.48
2168,0,41.0,2,365,9,4.0,3,1,1,62.96
159,0,42.0,2,4595,85,29.0,3,1,1,235.2
2742,0,26.0,0,1415,32,11.0,2,1,1,96.615
1996,0,15.5,0,7917,154,38.0,4,1,1,304.275
974,0,36.0,1,5818,98,24.0,2,1,1,383.22
1159,0,34.0,0,4150,74,21.0,3,1,1,168.96
200,0,34.0,0,4290,69,13.0,2,1,1,196.155
235,0,32.0,0,3638,80,24.0,2,1,1,167.31
2227,1,36.0,0,2513,47,31.0,3,1,2,246.4
2722,1,34.0,0,1145,47,15.0,2,1,2,85.14
461,0,38.0,0,2838,64,32.0,3,1,2,232.08
1730,0,31.0,0,6670,92,23.0,4,1,1,209.05
87,0,38.0,1,2840,56,25.0,2,1,1,940.32
1505,0,36.0,2,4070,86,41.0,3,1,1,350.24
1375,0,26.0,0,2275,6,6.0,3,1,1,91.24
2752,0,39.0,1,2948,67,29.0,3,1,1,1620.6
1221,0,39.0,1,6493,71,39.0,2,1,1,794.88
252,0,43.0,1,2713,70,30.0,3,1,1,1607.32
299,1,15.5,2,1748,29,13.0,3,1,1,131.08
291,0,32.0,0,1085,20,9.0,4,1,2,117.625
983,0,31.0,3,14127,198,68.5,2,1,1,734.085
817,0,43.0,0,710,20,9.0,3,1,2,113.2
1918,0,36.0,0,0,0,0.0,2,1,2,4.5
2169,0,41.0,2,7873,136,47.0,3,1,1,1815.735625
1942,0,24.0,0,1630,37,11.0,2,1,1,165.015
1884,0,37.0,3,6660,116,32.0,2,2,1,1528.92
1929,0,35.0,0,2073,30,4.0,3,1,1,88.12
2102,0,39.0,1,2758,66,26.0,3,1,1,1576.96
250,0,44.0,1,4630,81,23.0,3,1,1,268.44
1809,0,31.0,0,4210,71,22.0,3,1,1,171.24
1478,0,31.0,0,0,0,0.0,3,1,2,0.0
1927,1,35.0,0,2673,49,29.0,3,1,2,248.88
1098,0,15.5,0,4085,34,8.0,3,1,1,996.76
1263,0,32.0,0,2710,19,2.0,3,1,1,1815.735625
1805,0,31.0,0,3470,70,25.0,2,1,1,235.8
2495,0,22.0,2,6878,155,49.0,2,2,1,779.985
1840,0,20.0,0,395,13,4.0,2,1,2,18.36
1709,0,36.0,0,4400,78,26.0,3,1,1,195.12
2119,0,39.0,1,7813,133,45.0,3,1,1,1815.735625
844,0,23.0,1,1695,32,15.0,3,1,1,213.08
651,0,39.0,0,508,6,7.0,2,1,2,95.13
251,0,45.0,0,578,15,10.0,3,1,2,111.72
65,0,39.0,2,6560,89,28.0,3,1,1,1029.96
1712,0,36.0,2,14127,198,33.0,3,1,1,833.8
1741,0,24.0,0,710,5,4.0,4,1,2,75.375
1994,0,15.5,0,680,9,12.0,2,1,1,31.005
2887,0,33.0,0,3085,53,24.0,2,1,1,924.21
1974,1,33.0,0,4803,81,22.0,2,1,1,219.78
1060,0,36.0,0,5613,89,10.0,2,1,1,256.59
605,0,37.0,0,3660,76,24.0,2,1,1,168.12
1747,0,15.5,2,2737,40,20.0,3,1,1,243.08
183,0,35.0,4,14127,198,68.5,2,1,1,782.775
66,0,39.0,1,935,17,13.0,2,1,1,65.34
816,0,42.0,0,875,20,12.0,2,1,2,76.275
2273,0,42.0,10,10820,101,48.0,5,1,1,190.815
1667,0,35.0,0,290,2,2.0,2,1,2,13.14
1792,0,23.0,0,730,25,8.0,2,1,1,47.475
2466,0,42.0,0,1360,28,18.0,2,1,2,143.46
767,0,33.0,0,710,8,7.0,2,1,2,54.81
1890,0,30.0,0,395,25,6.0,3,1,2,60.8
2655,0,41.0,3,4195,94,34.0,3,1,1,455.56
2798,0,15.5,2,4885,47,15.0,3,1,1,1121.28
2620,0,39.0,0,11170,150,34.0,4,1,1,300.5
15,0,37.0,1,6500,86,26.0,3,1,1,1007.44
1821,0,30.0,0,6413,63,34.0,2,1,1,709.92
2285,0,42.0,2,4103,90,34.0,3,1,1,243.72
2416,0,33.0,0,920,10,7.0,2,1,2,73.35
2928,0,43.0,0,438,14,5.0,3,1,2,78.08
2512,0,37.0,4,14127,198,29.0,3,2,1,819.52
1193,0,21.0,0,2860,52,19.0,3,1,1,116.48
247,0,15.5,2,2773,43,15.0,3,1,1,196.64
1146,0,15.5,0,8688,168,40.0,4,1,1,398.9
731,0,36.0,0,438,6,1.0,4,1,2,11.1
98,0,15.5,2,4450,43,12.0,3,1,1,1059.72
2145,0,19.0,2,6698,147,44.0,2,2,1,722.025
39,0,26.0,0,1568,39,68.0,4,1,1,115.175
449,0,15.5,1,1308,11,2.0,3,1,1,52.76
23,1,36.0,8,10435,93,42.0,5,2,1,159.42
256,0,44.0,1,2620,49,24.0,3,1,1,1306.76
1169,0,33.0,0,7143,118,39.0,2,1,1,1815.735625
784,0,29.0,2,6965,110,32.0,2,2,1,1501.875
2429,0,32.0,1,305,6,2.0,3,1,1,40.44
2249,1,15.5,1,1733,22,7.0,3,1,1,98.2
249,0,15.5,0,1408,17,3.0,3,1,1,57.0
2382,0,44.0,3,903,20,10.0,5,1,1,52.845
2516,0,36.0,0,1000,12,8.0,2,1,2,77.04
356,0,41.0,0,2540,47,23.0,3,1,1,1287.48
1898,0,15.5,1,4085,40,9.0,3,1,1,1029.0
2162,0,42.0,5,14127,198,36.0,3,2,1,893.56
2137,0,38.0,1,3085,59,25.0,2,1,1,960.48
254,0,44.0,1,2653,68,39.0,2,1,1,198.945
1142,0,25.0,0,980,29,13.0,2,1,1,121.905
2297,0,22.0,5,3238,53,25.0,3,2,1,323.64
2585,0,38.0,3,4623,98,45.0,3,1,1,308.84
3041,0,27.0,0,420,5,5.0,4,1,2,18.125
1779,0,34.0,0,1173,18,1.0,3,1,1,47.64
1396,0,15.5,0,8368,155,32.0,4,1,1,340.575
1624,1,35.0,1,5628,98,26.0,2,1,1,487.17
2833,0,33.0,4,14127,198,68.5,2,2,1,739.485
335,0,30.0,0,3458,72,22.0,2,1,1,158.85
321,0,31.0,0,6458,65,31.0,2,1,1,712.035
2470,0,42.0,2,11950,168,54.0,4,1,1,375.45
2193,0,29.0,2,3590,70,27.0,3,1,1,226.4
2457,0,42.0,3,9600,135,50.0,3,1,1,1037.4
896,0,16.0,1,9642,182,40.0,5,1,1,268.86
851,0,40.0,0,1028,16,4.0,3,1,2,101.76
2179,0,40.0,2,2033,34,10.0,4,1,1,81.675
2865,0,34.0,1,6805,86,27.0,3,1,1,1015.64
2590,0,29.0,0,1605,41,24.0,3,1,2,217.84
1156,0,34.0,0,1995,30,14.0,3,1,1,1173.0
2594,0,20.0,3,2600,42,31.0,3,1,1,329.68
630,0,32.0,0,6670,91,18.0,4,1,1,169.025
378,1,39.0,0,313,10,7.0,3,1,2,56.92
330,0,27.0,0,6525,87,16.0,4,1,1,165.3
2447,0,15.5,3,2898,41,15.0,3,1,1,209.56
2688,0,30.0,3,1735,48,17.0,3,2,1,999.32
1223,0,38.0,8,10210,89,44.0,4,2,1,267.475
55,0,40.0,2,3835,85,30.0,3,2,1,304.8
2619,0,39.0,0,7213,123,30.0,3,1,1,1773.44
2894,0,15.5,0,2000,26,15.0,2,1,1,212.67
315,0,31.0,0,6240,76,20.0,3,1,1,936.64
2430,0,29.0,1,6830,93,18.0,5,1,1,114.345
100,0,36.0,0,4310,68,15.0,2,1,1,197.01
2322,1,31.0,0,1180,51,15.0,3,1,2,101.24
2769,0,39.0,1,8003,134,48.0,3,1,1,1815.735625
2755,0,40.0,2,4270,89,33.0,3,1,1,366.36
2439,0,22.0,1,1613,35,64.0,4,1,1,96.2
2815,0,39.0,2,6615,91,25.0,3,1,1,1004.24
1983,0,28.0,1,14127,198,68.5,2,1,1,687.645
161,0,42.0,0,2318,56,21.0,3,1,2,166.96
57,0,39.0,3,9175,124,45.0,3,1,1,967.96
2230,0,33.0,1,7030,100,22.0,5,1,1,130.95
863,0,39.0,2,3805,38,8.0,3,1,1,1815.735625
1344,0,22.0,0,1650,30,18.0,2,1,1,237.6
1781,0,34.0,0,0,0,0.0,4,1,2,0.0
1231,1,38.0,0,403,3,6.0,4,1,2,40.15
936,0,34.0,0,955,33,20.0,3,1,2,91.52
1813,0,31.0,0,2790,15,5.0,3,1,1,1815.735625
2272,1,39.0,0,1340,55,23.0,3,1,2,187.8
1362,0,30.0,1,14127,198,24.0,2,1,1,809.28
888,0,28.0,2,2025,47,11.0,3,2,1,886.88
438,0,24.0,1,1135,28,6.0,2,2,1,871.335
2746,0,16.0,0,9123,171,38.0,4,1,1,352.35
102,0,35.0,0,2393,57,22.0,2,1,1,1703.25
2689,0,29.0,2,1988,51,68.5,5,1,1,134.085
2919,0,44.0,2,7813,139,46.0,3,1,1,1815.735625
323,0,30.0,7,10175,83,36.0,4,1,1,256.45
2502,0,36.0,1,2578,58,21.0,3,1,1,1525.44
272,1,39.0,0,1215,57,23.0,3,1,2,174.88
2793,0,27.0,1,3720,68,28.0,3,1,1,247.52
167,0,42.0,0,790,16,12.0,3,1,2,124.24
860,0,39.0,1,6628,106,12.0,3,1,1,329.36
434,0,31.0,3,6785,108,28.0,2,2,1,1480.185
1212,0,40.0,3,14127,198,34.0,3,1,1,833.44
2358,0,46.0,2,14127,185,52.0,3,1,1,668.92
280,0,39.0,2,7045,107,28.0,5,1,1,150.78
581,0,37.0,0,743,13,8.0,4,1,2,121.4
2771,0,39.0,2,7213,82,42.0,2,1,1,886.275
400,0,35.0,0,4190,63,12.0,3,1,1,170.12
588,0,28.0,2,1430,42,15.0,3,2,1,958.88
2049,0,15.5,0,1182,13,5.0,2,1,1,53.775
2293,0,31.0,2,3610,69,29.0,3,1,1,247.16
1248,0,15.5,1,4165,36,12.0,3,1,1,1040.04
89,0,28.0,1,1628,42,68.5,4,1,1,129.25
497,0,16.0,5,3453,55,34.0,3,1,1,348.32
2813,0,40.0,2,3210,32,7.0,3,1,1,1815.735625
759,0,33.0,0,4515,77,24.0,3,1,1,183.68
583,0,32.0,4,14127,198,68.5,2,2,1,883.53
277,1,42.0,0,2528,54,37.0,4,1,2,187.05
1260,0,32.0,0,5533,87,6.0,2,1,1,252.9
1661,0,35.0,0,1818,42,11.0,3,1,2,74.4
1880,0,36.0,1,6480,97,21.0,5,1,1,121.155
1811,0,31.0,0,1933,42,14.0,3,1,2,79.0
842,0,30.0,1,1225,38,14.0,2,1,1,178.335
361,0,41.0,0,2418,62,22.0,3,1,2,175.2
2510,0,37.0,1,6043,93,9.0,3,1,1,273.44
2604,0,40.0,0,2098,54,20.0,2,1,1,128.34
2289,0,32.0,2,1953,47,68.5,5,1,1,100.5
1211,0,40.0,0,2013,50,19.0,3,1,2,126.52
1329,0,40.0,0,1623,29,10.0,3,1,1,98.08
268,0,43.0,0,260,10,6.0,2,1,2,79.65
388,1,30.0,1,1495,44,16.0,2,2,1,987.255
1654,0,35.0,0,1973,46,27.0,1,1,1,111.045
1595,0,15.5,0,5488,125,25.0,1,2,1,622.215
2532,0,35.0,1,305,6,2.0,5,1,1,15.165
287,0,42.0,1,3040,63,29.0,2,1,1,994.635
2149,1,15.5,2,1793,25,9.0,3,1,1,100.72
217,0,34.0,0,630,12,4.0,2,1,2,42.39
598,0,15.5,2,4505,46,14.0,3,1,1,1170.04
1908,0,37.0,0,14127,174,42.0,3,1,1,578.08
1612,0,37.0,3,14127,198,34.0,3,1,1,923.0
1607,0,36.0,2,8925,121,45.0,3,1,1,1037.84
1402,0,38.0,0,2328,62,27.0,2,1,1,1741.05
2885,0,33.0,0,4023,82,29.0,2,1,1,189.225
3097,0,18.0,4,3157,51,21.0,3,1,1,280.32
391,0,29.0,0,1005,18,8.0,4,1,2,105.575
2427,1,32.0,0,2313,40,27.0,3,1,2,198.12
1786,0,33.0,0,1170,37,15.0,3,1,2,136.28
1988,0,24.0,0,300,19,9.0,2,2,1,738.855
1543,0,23.0,1,3520,65,36.0,3,1,1,231.4
872,1,34.0,0,1665,58,17.0,3,1,2,164.92
1296,0,15.5,0,8548,163,34.0,4,1,1,357.775
3131,1,38.0,0,933,13,6.0,4,1,2,63.65
354,0,41.0,0,2573,66,38.0,1,1,1,216.645
516,0,37.0,0,275,4,1.0,2,1,2,12.555
201,0,35.0,0,0,0,0.0,2,1,2,0.0
2702,0,38.0,0,2643,60,22.0,2,1,1,1624.635
1770,0,35.0,0,10970,147,42.0,3,1,1,444.68
743,0,25.0,0,3035,60,20.0,3,1,1,123.8
2855,0,35.0,1,4080,82,29.0,3,1,1,290.48
2199,1,15.5,3,1853,28,11.0,3,1,1,123.24
664,0,37.0,0,14127,183,33.0,2,1,1,1429.11
1122,1,33.0,0,710,44,17.0,2,1,1,96.93
1395,0,15.5,0,5828,125,34.0,1,2,1,673.915
856,0,39.0,1,3070,50,18.0,3,1,1,1296.8
238,0,23.0,0,1235,34,7.0,2,2,1,880.605
1361,0,30.0,0,1673,38,9.0,3,1,2,68.44
2770,0,39.0,2,11960,161,52.0,4,1,1,370.525
296,0,21.0,1,9193,181,46.0,5,1,1,272.61
2524,0,35.0,2,5943,96,21.0,2,1,1,370.755
2802,0,39.0,1,2568,65,23.0,3,1,1,1533.32
2176,1,39.0,2,3355,50,20.0,3,1,1,220.2
51,0,41.0,1,378,8,6.0,3,1,1,63.44
1208,0,40.0,0,13548,165,46.0,3,1,1,560.52
561,1,39.0,0,2353,60,21.0,3,1,2,256.52
2587,0,38.0,3,3685,69,40.0,2,1,1,1082.43
2873,0,33.0,8,10740,93,43.0,4,1,1,270.825
2518,0,36.0,0,305,6,2.0,2,1,2,45.495
227,0,32.0,0,2188,42,27.0,3,1,2,185.2
1795,0,15.5,0,5897,134,37.0,1,2,1,711.205
1572,0,31.0,0,50,2,1.0,2,1,2,2.34
1613,0,37.0,1,2905,27,10.0,3,1,1,1815.735625
1799,0,15.5,0,992,12,2.0,2,1,1,45.18
1323,1,40.0,8,10390,97,46.0,5,2,1,170.805
1354,0,30.0,0,1828,42,25.0,1,1,1,102.85
458,0,38.0,2,14127,179,59.0,3,1,1,666.08
1847,0,15.5,1,2547,33,16.0,3,1,1,167.2
2626,0,37.0,0,2695,37,3.0,3,1,2,137.28
511,0,38.0,0,1638,44,2.0,3,1,2,67.28
2747,0,17.0,3,3043,45,17.0,3,1,1,151.52
2511,0,37.0,0,2363,52,14.0,3,1,2,124.6
2596,0,17.0,3,9838,187,57.0,5,1,1,301.875
1355,0,30.0,0,3210,66,20.0,2,1,1,192.42
432,0,33.0,0,0,0,0.0,5,1,1,0.0
776,1,30.0,0,2990,35,15.0,2,1,2,140.625
1557,0,35.0,0,8210,105,26.0,3,1,1,796.6
1228,0,38.0,0,0,0,0.0,3,1,2,12.0
111,1,36.0,0,2178,51,15.0,3,1,2,101.16
209,0,34.0,0,4435,81,21.0,3,1,1,180.64
88,0,29.0,2,1375,39,13.0,3,2,1,848.56
1501,0,37.0,0,613,9,17.0,2,1,2,122.49
1680,0,30.0,0,6365,85,16.0,4,1,1,161.25
536,0,35.0,0,1065,34,5.0,3,1,2,111.96
3003,0,39.0,0,3793,61,37.0,1,1,1,211.97
1842,0,18.0,0,920,20,10.0,1,1,1,73.7
2337,0,34.0,1,3005,57,21.0,2,1,1,911.79
1057,0,35.0,1,8810,115,41.0,3,1,1,905.0
1053,0,36.0,0,3893,60,33.0,1,1,1,217.415
2287,0,42.0,2,3165,61,29.0,2,1,1,1009.17
1822,0,26.0,0,650,35,14.0,2,1,2,35.325
2504,0,37.0,1,2518,56,30.0,2,1,1,147.33
746,0,15.5,0,8742,170,37.0,4,1,1,382.8
1962,0,35.0,1,14125,198,30.0,2,1,1,743.985
1915,0,36.0,1,6905,91,24.0,3,1,1,1027.84
1963,0,35.0,0,2080,10,6.0,3,1,1,1815.735625
1894,0,21.0,0,1390,26,13.0,2,1,1,194.22
2461,1,43.0,0,2723,68,24.0,3,1,2,215.64
2214,0,37.0,1,14127,185,30.0,2,1,1,1400.175
1368,0,29.0,0,0,0,0.0,2,1,2,0.0
1855,0,41.0,1,3470,82,27.0,3,1,1,274.08
1392,0,17.0,0,660,16,5.0,2,1,1,30.42
1644,0,17.0,0,1505,26,16.0,2,1,1,307.395
471,0,37.0,3,7318,85,52.0,2,1,1,913.635
1241,0,28.0,0,600,6,5.0,4,1,2,75.15
1583,0,29.0,0,14127,198,63.0,2,1,1,692.64
733,0,31.0,3,14127,198,68.5,2,1,1,725.49
1582,0,34.0,0,0,0,0.0,4,1,1,0.0
2729,0,37.0,0,1858,25,4.0,3,1,1,103.32
2373,0,44.0,10,11000,109,50.0,5,1,1,201.135
1701,0,37.0,0,0,0,0.0,2,1,2,40.5
2170,0,41.0,3,11830,163,51.0,4,1,1,357.325
1838,0,20.0,0,1010,24,8.0,2,2,1,847.53
2968,0,40.0,0,1015,17,2.0,3,1,2,101.28
1717,0,36.0,0,595,9,9.0,2,1,2,94.68
1177,0,32.0,0,1903,35,27.0,3,1,2,165.52
279,0,42.0,1,1928,35,12.0,4,1,1,86.575
1964,0,34.0,0,14127,165,28.0,2,1,1,1189.575
2225,0,34.0,1,3085,25,14.0,3,1,1,152.4
2258,0,44.0,2,14127,177,50.0,3,1,1,641.4
2468,0,42.0,0,485,14,7.0,2,1,2,103.455
197,0,20.0,4,2933,47,23.0,3,1,1,283.2
149,0,15.5,0,1428,16,5.0,3,1,1,57.76
2390,0,35.0,0,1265,41,15.0,3,1,2,180.24
1481,0,31.0,0,0,0,0.0,4,1,2,0.0
2175,0,38.0,2,3205,31,18.0,3,1,1,177.44
1688,0,24.0,0,895,24,5.0,2,2,1,734.355
1127,1,36.0,0,2023,41,31.0,3,1,1,210.56
292,0,31.0,1,1485,42,19.0,2,1,1,221.715
612,0,37.0,2,14127,198,28.0,3,1,1,697.76
1152,0,33.0,0,2088,51,20.0,2,1,1,1657.755
1320,0,41.0,1,11420,158,51.0,4,1,1,336.95
1615,0,36.0,1,6310,86,28.0,3,1,1,1099.84
2740,0,28.0,0,890,25,5.0,2,1,2,72.675
1330,0,37.0,1,6740,101,26.0,5,1,1,135.615
538,0,27.0,0,715,26,1.0,2,2,1,807.345
2374,0,44.0,3,6383,114,32.0,3,1,1,451.88
808,0,43.0,1,13773,175,45.0,3,1,1,589.92
203,0,34.0,0,4118,64,31.0,1,1,1,230.01
2975,0,37.0,2,3855,39,16.0,3,1,1,215.76
1391,0,18.0,0,0,0,0.0,4,1,2,0.0
1571,0,35.0,0,5813,59,20.0,2,1,1,624.24
464,0,37.0,2,14127,192,45.0,2,1,1,1501.965
1099,1,15.5,0,1183,13,5.0,2,1,2,53.82
1171,0,33.0,0,6353,66,33.0,2,1,1,720.855
2232,0,36.0,1,305,6,2.0,5,1,1,15.165
1085,0,34.0,0,3413,76,26.0,2,1,1,157.005
1977,0,33.0,0,1253,27,29.0,3,1,2,59.2
2846,0,17.0,1,9047,176,39.0,5,1,1,244.845
1174,1,32.0,0,5453,89,20.0,2,1,1,312.39
1205,0,40.0,1,3550,78,30.0,3,1,1,285.12
2414,0,33.0,1,14127,178,26.0,2,1,1,1345.86
273,0,42.0,9,10695,103,48.0,5,2,1,185.97
1703,0,36.0,0,4083,61,36.0,1,1,1,244.42
909,0,37.0,0,3805,72,25.0,3,1,1,155.08
548,0,15.5,0,3790,30,23.0,3,1,1,928.8
2267,0,44.0,0,1095,22,14.0,3,1,2,164.68
1697,0,15.5,1,2433,33,13.0,3,1,1,98.64
2948,0,16.0,3,4695,52,13.0,3,1,1,1109.88
2290,0,33.0,0,1085,33,13.0,3,1,2,152.72
503,0,38.0,0,3598,56,20.0,1,1,1,200.97
1496,0,15.5,0,8448,157,33.0,4,1,1,352.625
1989,0,23.0,0,553,22,66.0,4,1,1,14.375
2630,0,35.0,0,6490,93,9.0,5,1,1,109.245
2555,0,40.0,4,4680,98,45.0,3,1,1,431.12
234,0,30.0,2,6885,114,29.0,2,2,1,1489.455
2278,0,42.0,0,518,10,8.0,3,1,2,89.12
2852,0,34.0,0,2758,60,25.0,2,1,1,1737.81
2669,0,40.0,2,7928,139,49.0,3,1,1,1815.735625
198,0,15.5,2,4470,42,14.0,3,1,1,1080.48
26,0,35.0,0,2990,41,16.0,3,1,2,157.24
108,0,36.0,0,13713,166,42.0,3,1,1,555.16
229,0,32.0,0,1588,23,2.0,3,1,1,64.44
1530,0,31.0,2,7080,101,35.0,4,1,1,249.525
1129,0,36.0,0,1423,22,6.0,3,1,1,57.8
576,1,36.0,0,3105,47,20.0,3,1,2,290.08
2138,0,29.0,2,1620,42,13.0,3,2,1,866.48
1868,0,40.0,0,0,0,0.0,2,1,2,4.5
1166,0,33.0,0,510,5,7.0,2,1,2,23.175
1960,0,35.0,0,4903,78,10.0,2,1,1,224.145
1352,0,29.0,0,1888,44,16.0,2,1,1,1603.44
2910,0,45.0,2,6223,107,15.0,3,1,1,341.2
1407,0,38.0,1,8990,123,46.0,3,1,1,956.52
2270,0,43.0,3,11850,162,53.0,4,1,1,370.3
1118,0,37.0,0,0,0,0.0,2,1,1,0.0
522,0,33.0,0,355,37,2.0,2,1,2,17.64
2174,0,40.0,3,6183,107,28.0,3,1,1,403.6
2821,0,39.0,2,6833,80,36.0,2,1,1,788.085
1065,0,35.0,0,6195,80,24.0,3,1,1,967.0
2139,0,28.0,1,1873,45,68.5,5,1,1,84.27
3027,0,37.0,0,1863,39,33.0,3,1,2,140.08
2756,0,40.0,1,2855,46,23.0,3,1,1,1320.04
1715,0,35.0,0,6385,81,27.0,3,1,1,1010.64
175,0,38.0,1,2920,24,18.0,3,1,1,157.76
2978,0,39.0,0,1148,19,4.0,3,1,2,106.68
262,0,44.0,4,14127,198,38.0,3,1,1,901.4
1188,0,23.0,0,950,27,7.0,2,2,1,858.465
2889,0,23.0,0,1873,39,68.5,4,1,1,120.3
3045,0,18.0,1,5987,136,44.0,2,2,1,577.035
346,0,15.5,0,8673,161,34.0,4,1,1,365.85
2425,0,30.0,1,2885,18,10.0,3,1,1,144.12
2730,0,34.0,1,6975,97,20.0,4,1,1,194.3
389,0,29.0,0,1748,47,68.5,4,1,1,147.375
1649,1,15.5,1,1298,19,9.0,3,1,1,152.68
1744,0,16.0,0,1580,21,15.0,2,1,1,207.045
721,0,37.0,1,6528,74,34.0,2,1,1,742.59
800,0,43.0,1,4370,77,18.0,3,1,1,229.88
1465,0,32.0,0,6015,72,19.0,3,1,1,915.48
2446,0,15.5,1,8978,167,36.0,4,1,1,391.125
2877,0,33.0,0,2573,44,32.0,3,1,2,236.68
2231,0,36.0,0,873,10,4.0,4,1,2,49.575
832,0,41.0,2,338,10,3.0,5,1,1,23.22
2522,1,32.0,0,1080,45,14.0,3,1,2,93.0
1831,0,29.0,0,0,0,0.0,3,1,2,0.0
411,0,35.0,0,2058,46,12.0,3,1,2,84.16
2707,0,38.0,2,9305,121,41.0,3,1,1,853.04
2870,0,34.0,1,11770,154,48.0,3,1,1,516.96
1684,0,31.0,1,6545,104,27.0,2,2,1,1343.205
942,0,24.0,0,515,21,13.0,2,1,1,24.12
1896,0,18.0,0,8627,171,39.0,5,1,1,242.97
2328,0,34.0,0,305,6,2.0,3,1,2,40.44
430,0,30.0,1,6605,89,17.0,5,1,1,104.91
1096,0,15.5,0,8628,165,38.0,4,1,1,384.825
20,0,37.0,1,11465,154,47.0,4,1,1,317.975
1083,0,29.0,2,14127,198,68.5,2,1,1,720.09
1669,0,34.0,0,7088,115,37.0,2,1,1,1815.735625
164,0,41.0,1,14127,184,34.0,2,1,1,1428.705
1307,0,41.0,2,9070,125,47.0,3,1,1,975.8
2886,0,32.0,0,1970,44,21.0,3,1,2,228.56
398,0,15.5,1,4570,48,15.0,3,1,1,1088.72
662,0,38.0,3,14127,198,35.0,3,1,1,874.24
2144,0,20.0,1,2000,32,16.0,3,1,1,221.28
577,0,37.0,0,2383,50,35.0,4,1,2,225.825
2342,0,23.0,1,1450,36,11.0,2,1,1,138.87
2115,0,39.0,2,6805,92,28.0,3,1,1,1047.88
574,0,37.0,2,5933,104,28.0,3,1,1,473.48
2939,0,33.0,2,1873,51,68.5,5,1,1,96.36
2256,0,44.0,2,2745,47,24.0,4,1,1,824.8
119,0,35.0,0,7448,124,41.0,2,1,1,1815.735625
617,0,37.0,0,595,8,4.0,2,1,2,27.135
1420,0,38.0,0,11340,156,50.0,3,1,1,519.84
902,0,36.0,0,1743,49,24.0,2,1,1,1583.64
67,0,40.0,1,770,17,10.0,3,1,1,103.48
371,0,40.0,1,6898,83,42.0,2,1,1,849.645
387,0,39.0,0,2960,61,28.0,2,1,1,972.945
884,1,35.0,4,7675,127,33.0,3,2,1,1428.08
772,1,28.0,0,955,41,16.0,2,1,2,80.82
854,0,39.0,1,3103,69,33.0,2,1,1,187.74
2426,0,31.0,0,3035,37,12.0,3,1,2,150.88
2161,0,42.0,2,2603,63,21.0,4,1,1,116.65
923,0,35.0,7,9725,82,42.0,4,1,1,245.175
1418,0,38.0,0,0,0,0.0,2,1,2,18.0
1343,0,29.0,0,3180,65,27.0,3,1,1,193.8
1314,0,41.0,0,14127,186,34.0,2,1,1,1414.17
3021,0,38.0,1,6313,70,39.0,2,1,1,692.235
1369,0,29.0,0,6943,111,35.0,2,1,1,1815.735625
566,0,38.0,0,990,20,15.0,2,1,2,189.45
2114,0,39.0,1,14127,188,32.0,2,1,1,1425.51
2291,0,32.0,0,1210,18,9.0,4,1,2,125.7
837,0,41.0,1,2780,59,24.0,2,1,1,951.255
805,0,43.0,2,3775,88,29.0,3,1,1,314.52
725,0,34.0,0,2650,21,11.0,3,1,1,106.84
1210,0,40.0,0,5693,91,14.0,2,1,1,305.28
2712,0,39.0,3,14127,198,30.0,3,1,1,738.2
420,0,34.0,1,11285,146,42.0,4,1,1,285.775
2643,0,27.0,0,2930,57,10.0,3,1,1,147.48
199,0,15.5,2,1568,21,11.0,3,1,1,103.56
765,0,32.0,0,6500,80,25.0,3,1,1,975.2
882,0,37.0,2,1048,15,2.0,5,1,1,33.945
297,0,22.0,4,3113,55,25.0,3,1,1,310.72
2574,0,38.0,4,6723,114,41.0,3,1,1,489.48
562,0,39.0,4,14127,198,36.0,3,1,1,963.44
2535,0,35.0,1,3843,80,25.0,3,1,1,184.92
2896,0,15.5,0,9237,171,41.0,4,1,1,415.2
1457,0,32.0,1,8630,107,36.0,3,1,1,853.48
3046,0,16.0,0,8527,166,42.0,5,1,1,212.895
397,0,19.0,3,3033,53,24.0,3,1,1,291.44
857,0,38.0,3,9825,132,43.0,3,1,1,1006.28
1364,0,29.0,0,14127,166,22.0,2,1,1,1254.87
152,0,41.0,1,2533,62,28.0,3,1,1,1579.8
839,0,31.0,1,1568,45,68.5,5,1,1,81.195
1766,0,35.0,0,380,7,6.0,2,1,2,17.415
3030,0,34.0,1,6380,92,24.0,5,1,1,97.08
1825,0,27.0,0,2535,10,11.0,3,1,1,101.8
2797,0,18.0,4,3347,52,24.0,3,1,1,323.96
2463,0,43.0,2,3580,41,15.0,3,1,1,1815.735625
667,0,38.0,0,900,15,11.0,3,1,2,124.6
71,0,39.0,2,6778,78,39.0,2,1,1,817.02
1761,0,36.0,0,1743,47,12.0,3,1,2,71.6
2479,0,41.0,1,2153,39,13.0,4,1,1,99.8
616,0,36.0,0,760,8,7.0,2,1,2,34.56
137,0,34.0,0,2720,50,21.0,2,1,1,889.65
1413,0,39.0,0,2970,29,11.0,3,1,1,1815.735625
2853,0,35.0,0,4503,66,36.0,1,1,1,251.295
1664,0,34.0,0,14127,170,24.0,2,1,1,1185.075
1345,0,21.0,1,6348,145,46.0,2,2,1,710.685
2772,1,35.0,0,1450,54,22.0,3,1,2,188.16
704,0,38.0,0,2203,57,30.0,1,1,1,124.3
1885,0,39.0,0,3413,82,27.0,3,1,1,151.8
926,1,34.0,0,2280,30,16.0,2,1,2,103.95
1936,0,34.0,0,2070,49,18.0,3,1,2,240.76
2031,1,34.0,0,323,1,2.0,4,1,2,13.1
2724,0,37.0,1,6008,98,22.0,2,1,1,306.27
1740,0,25.0,0,585,20,8.0,2,1,2,81.225
329,0,30.0,0,0,0,0.0,3,1,1,0.0
1710,0,36.0,0,5803,90,13.0,2,1,1,305.685
2104,0,40.0,1,2698,64,35.0,2,1,1,164.79
2300,0,36.0,1,4595,75,15.0,3,1,1,214.8
1987,0,33.0,0,1765,36,21.0,2,1,1,724.545
2228,0,36.0,0,305,6,2.0,3,1,2,40.44
3022,0,34.0,0,550,42,19.0,3,1,2,23.68
1797,0,15.5,2,2357,38,14.0,3,1,1,155.8
2612,0,40.0,2,14127,198,19.0,3,1,1,762.64
1291,0,20.0,0,0,0,0.0,4,1,2,10.0
1081,0,34.0,0,323,1,2.0,4,1,2,13.1
1348,0,15.5,1,4345,44,14.0,3,1,1,1067.56
2261,1,44.0,0,2623,62,23.0,3,1,2,207.4
1700,0,36.0,0,4255,66,18.0,2,1,1,225.945
2473,0,41.0,9,10920,107,49.0,5,2,1,193.905
358,0,41.0,0,13953,177,49.0,3,1,1,609.2
569,0,38.0,1,7623,133,47.0,3,1,1,1815.735625
2670,0,40.0,3,11885,166,53.0,4,1,1,426.275
2440,0,23.0,0,745,21,3.0,2,1,2,65.97
843,0,30.0,1,3225,67,24.0,3,1,1,195.68
465,0,37.0,3,7100,96,41.0,3,1,1,1115.84
2586,1,37.0,0,2570,60,37.0,4,1,2,230.75
891,0,27.0,0,1535,21,3.0,4,1,2,111.4
997,0,16.0,3,2852,45,19.0,3,1,1,239.88
2926,1,42.0,0,3295,53,19.0,3,1,2,229.92
1555,0,36.0,0,2870,66,11.0,2,1,1,150.12
2476,1,40.0,0,3475,55,23.0,3,1,2,249.2
1086,0,33.0,0,1360,38,18.0,3,1,2,179.92
804,0,43.0,1,2393,64,34.0,2,1,1,155.565
2117,0,40.0,0,1015,20,10.0,3,1,2,121.4
1267,0,32.0,0,325,6,2.0,2,1,2,14.895
1385,0,28.0,0,3153,66,20.0,2,1,1,144.855
790,0,22.0,0,700,19,6.0,2,1,2,41.355
889,0,27.0,1,2278,50,68.0,4,1,1,153.2
2831,0,38.0,0,743,12,3.0,4,1,2,36.375
423,0,33.0,8,10255,85,37.0,5,1,1,155.1
1904,0,37.0,0,2798,63,31.0,1,1,1,173.855
2565,0,39.0,4,7405,102,43.0,3,1,1,1156.28
1412,0,39.0,2,14127,198,35.0,3,1,1,841.68
1414,0,38.0,0,14127,184,33.0,2,1,1,1392.48
2266,0,43.0,0,1260,22,17.0,2,1,2,134.19
785,0,31.0,0,3718,76,27.0,2,1,1,170.73
1957,0,34.0,0,8100,104,41.0,3,1,1,776.16
782,0,31.0,0,338,5,1.0,4,1,1,8.575
2133,0,33.0,4,14127,198,68.5,2,2,1,779.58
2109,0,40.0,2,4820,89,27.0,3,1,1,232.36
2905,0,45.0,3,4080,94,31.0,3,1,1,354.96
2682,0,39.0,3,758,16,8.0,5,1,1,76.11
460,0,38.0,2,6518,105,27.0,3,1,1,376.92
95,0,19.0,2,6453,144,44.0,2,2,1,701.865
160,0,42.0,1,5998,97,16.0,3,1,1,311.8
1459,0,33.0,0,4030,69,18.0,3,1,1,163.96
1483,0,26.0,2,14127,198,68.5,2,1,1,711.63
2621,0,39.0,0,6423,71,24.0,2,1,1,715.23
972,0,33.0,0,955,47,17.0,2,1,2,117.09
1704,0,36.0,0,2278,53,34.0,1,1,1,150.205
1943,0,24.0,0,3630,66,21.0,3,1,1,183.84
332,1,30.0,0,0,0,0.0,5,1,1,0.0
2902,0,44.0,2,2758,72,27.0,3,1,1,1609.2
1495,0,15.5,0,5908,127,35.0,1,2,1,700.425
1349,0,15.5,1,1443,23,11.0,3,1,1,90.64
2577,0,38.0,0,3173,60,48.0,4,1,2,235.825
2828,0,38.0,0,248,7,1.0,3,1,2,10.2
457,0,37.0,4,9715,131,58.0,3,2,1,1053.84
367,0,41.0,0,890,22,13.0,3,1,2,132.48
2985,0,39.0,2,4733,99,30.0,3,1,1,261.28
1353,0,30.0,0,3633,50,27.0,1,1,1,202.565
1295,0,15.5,0,6008,133,36.0,1,2,1,711.755
2533,0,30.0,4,14127,198,68.5,2,2,1,771.12
2942,0,32.0,2,1530,44,16.0,2,1,1,223.83
779,0,31.0,0,1668,19,5.0,3,1,1,67.48
2438,0,23.0,1,1360,32,7.0,2,2,1,895.14
2552,0,39.0,3,3358,76,41.0,3,1,1,1685.36
2750,0,40.0,1,4865,78,22.0,3,1,1,281.72
1113,0,38.0,1,2850,24,8.0,3,1,1,1815.735625
1451,0,34.0,0,0,0,0.0,2,1,2,0.0
2238,0,27.0,1,1560,39,11.0,2,2,1,949.455
1313,0,42.0,1,3050,31,12.0,3,1,1,1815.735625
210,0,34.0,0,5838,93,8.0,2,1,1,266.895
2271,0,43.0,3,7103,83,43.0,2,1,1,885.87
1433,0,32.0,2,14127,198,68.5,2,1,1,746.55
3006,0,39.0,0,1955,34,20.0,3,1,1,1147.56
1870,0,40.0,1,11160,154,46.0,4,1,1,312.85
1155,0,34.0,0,3410,73,24.0,2,1,1,246.735
445,0,15.5,1,6213,133,37.0,2,2,1,618.57
1486,0,30.0,0,1180,30,13.0,3,1,2,128.4
1130,0,33.0,1,6540,94,22.0,4,1,1,195.85
3032,0,37.0,1,0,0,0.0,5,1,1,0.0
2129,0,38.0,1,1973,31,8.0,4,1,1,67.6
221,0,33.0,0,6638,73,33.0,2,1,1,742.995
1371,0,29.0,0,6153,59,29.0,2,1,1,666.54
2930,0,40.0,3,7090,109,25.0,5,1,1,151.485
1023,0,36.0,8,10435,93,42.0,5,1,1,159.42
2171,0,41.0,3,7083,84,41.0,2,1,1,862.515
2106,0,40.0,1,2665,45,20.0,3,1,1,1276.4
2609,0,40.0,0,4220,79,12.0,3,1,1,199.96
2250,0,44.0,2,4755,79,23.0,3,1,1,281.36
1359,0,30.0,0,3950,67,17.0,3,1,1,160.68
2377,1,44.0,0,2833,60,39.0,4,1,2,212.325
105,0,36.0,0,3715,79,26.0,3,1,1,259.76
448,0,15.5,1,4210,32,5.0,3,1,1,985.68
1614,0,36.0,0,14127,182,32.0,2,1,1,1483.965
1202,0,39.0,0,2228,56,26.0,2,1,1,1731.78
2359,0,46.0,3,5080,99,33.0,4,1,1,189.475
659,0,38.0,1,4705,84,28.0,3,1,1,235.56
274,0,42.0,2,6078,108,30.0,2,1,1,462.87
543,0,25.0,0,2625,51,8.0,3,1,1,107.04
3042,0,26.0,0,820,27,15.0,2,1,1,42.615
2614,0,39.0,0,14127,178,17.0,2,1,1,1303.56
2352,0,45.0,2,3018,76,32.0,3,1,1,1647.76
2435,0,32.0,1,3763,78,24.0,2,1,1,204.345
2851,0,36.0,0,623,5,5.0,2,1,2,55.26
1519,0,35.0,1,7803,131,56.0,2,1,1,1815.735625
1390,0,19.0,0,0,0,0.0,2,1,2,0.0
498,0,15.5,3,4990,50,25.0,3,1,1,1145.6
2491,0,31.0,0,1310,24,10.0,4,1,2,130.85
2543,0,24.0,1,3350,59,20.0,3,1,1,164.36
1181,0,32.0,0,263,1,1.0,3,1,2,10.56
417,0,35.0,0,530,6,3.0,3,1,2,29.44
2396,0,23.0,2,9498,187,48.0,5,1,1,287.775
1460,0,33.0,0,5433,81,5.0,2,1,1,248.13
711,0,38.0,0,2048,53,14.0,3,1,2,84.04
1881,0,39.0,0,323,7,3.0,4,1,2,33.25
2281,1,42.0,0,1013,15,10.0,4,1,2,90.7
132,0,34.0,0,0,0,0.0,5,1,1,0.0
2324,0,34.0,1,6043,102,22.0,2,1,1,380.025
2952,0,40.0,2,3468,77,26.0,3,1,1,1637.8
1499,0,15.5,0,1003,5,4.0,2,1,1,45.36
2400,0,34.0,1,4415,67,13.0,3,1,1,207.28
2634,0,36.0,2,6670,112,20.0,3,2,1,1299.28
2226,0,35.0,0,3235,44,16.0,3,1,2,175.16
2409,0,34.0,1,4560,79,21.0,3,1,1,213.56
1515,0,35.0,2,6795,90,39.0,3,1,1,1075.4
1807,0,30.0,0,8810,109,40.0,3,1,1,872.76
1490,0,22.0,0,215,11,3.0,2,1,2,10.17
1773,0,34.0,7,9940,86,37.0,4,1,1,250.65
1608,0,37.0,0,13583,169,46.0,3,1,1,650.08
1493,0,20.0,0,2740,47,16.0,3,1,1,111.48
2433,0,27.0,3,14127,198,68.5,2,1,1,767.43
1175,0,30.0,0,2475,13,10.0,3,1,1,99.52
1596,0,15.5,0,8028,155,23.0,4,1,1,317.075
1780,0,31.0,0,6290,90,17.0,4,1,1,159.5
2388,0,35.0,3,1880,52,19.0,3,2,1,937.28
1289,0,20.0,0,1183,31,62.0,4,1,1,62.85
2863,0,35.0,1,3400,27,9.0,3,1,1,1815.735625
2242,0,25.0,1,1470,35,13.0,2,1,1,162.225
1774,0,34.0,0,5323,91,19.0,2,1,1,288.63
1690,0,24.0,0,280,13,1.0,2,1,2,13.185
2158,0,42.0,2,14127,178,48.0,3,1,1,620.64
2348,0,15.5,1,4615,44,8.0,3,1,1,1034.36
602,0,36.0,0,2338,54,20.0,2,1,1,1579.14
1261,0,32.0,0,1853,46,11.0,3,1,2,75.96
799,0,15.5,0,1487,13,6.0,2,1,1,67.5
1970,0,34.0,0,10450,137,45.0,3,1,1,423.48
2537,0,35.0,1,2905,51,20.0,2,1,1,902.52
1961,0,35.0,0,1223,37,15.0,3,1,2,50.4
1920,0,36.0,1,11870,159,45.0,3,1,1,529.16
1605,0,37.0,1,3585,82,30.0,3,1,1,374.68
1556,0,36.0,0,1455,23,1.0,3,1,1,1087.12
1400,0,39.0,0,4245,73,20.0,2,1,1,234.81
783,0,26.0,2,14127,198,68.5,2,1,1,733.815
1728,0,34.0,0,0,0,0.0,3,1,2,8.0
1603,0,37.0,0,4008,66,37.0,1,1,1,367.07
1569,0,35.0,0,6603,111,26.0,2,1,1,1815.735625
1419,0,38.0,0,7383,129,46.0,2,1,1,1815.735625
2720,0,38.0,1,11655,154,45.0,3,1,1,500.36
341,0,20.0,0,0,0,0.0,4,1,2,15.0
2628,1,38.0,0,305,6,2.0,3,1,2,40.44
734,0,34.0,3,6775,115,30.0,2,2,1,1489.05
1849,0,15.5,0,1182,7,4.0,2,1,1,53.505
579,0,37.0,1,1783,31,10.0,4,1,1,125.35
2950,0,41.0,2,5385,88,19.0,3,1,1,366.92
1932,0,35.0,1,743,9,1.0,5,1,1,18.78
2592,0,27.0,3,2130,48,30.0,2,1,1,309.51
1494,0,15.5,0,1210,12,7.0,2,1,1,99.99
1621,0,36.0,1,6528,75,39.0,2,1,1,895.635
1965,0,34.0,0,5485,69,24.0,3,1,1,838.16
431,0,33.0,0,0,0,0.0,4,1,2,0.0
741,0,26.0,0,635,9,1.0,4,1,2,46.1
1846,0,15.5,0,8627,159,37.0,4,1,1,364.65
2531,0,35.0,0,305,6,2.0,4,1,2,25.275
1333,0,35.0,3,14127,198,68.5,2,1,1,768.24
485,0,36.0,2,4318,92,43.0,3,1,1,268.4
2954,0,41.0,2,3408,75,35.0,2,1,1,233.235
1836,0,28.0,0,1360,32,17.0,3,1,2,147.68
1861,0,41.0,0,1933,54,16.0,3,1,2,115.48
2667,0,41.0,0,1130,26,14.0,3,1,2,254.24
528,0,36.0,0,0,0,0.0,3,1,2,0.0
275,0,40.0,1,3100,32,20.0,3,1,1,185.28
2551,0,41.0,0,1223,21,21.0,3,1,2,189.76
1351,0,31.0,0,0,0,0.0,2,1,2,0.0
1841,0,19.0,0,520,4,2.0,4,1,2,28.1
519,0,37.0,0,6908,117,28.0,2,1,1,1815.735625
1862,0,41.0,3,14127,198,31.0,3,1,1,822.4
314,0,31.0,0,14127,172,24.0,2,1,1,1300.365
1729,0,34.0,0,1553,20,7.0,3,1,1,70.92
798,0,15.5,0,4390,34,9.0,3,1,1,1004.96
769,0,32.0,0,7508,121,42.0,2,1,1,1815.735625
2465,0,42.0,2,6985,100,33.0,3,1,1,1099.4
2898,0,15.5,1,4695,40,11.0,3,1,1,1045.4
1477,0,31.0,0,1783,30,24.0,3,1,2,136.52
2773,0,38.0,9,10930,100,47.0,5,1,1,190.95
1979,0,33.0,0,653,8,4.0,3,1,1,26.44
2766,0,39.0,0,1370,21,16.0,2,1,2,134.595
2549,1,15.5,2,1613,17,4.0,3,1,1,93.2
2564,0,39.0,3,14127,198,47.0,2,1,1,1547.46
493,0,25.0,2,3825,71,38.0,3,1,1,271.84
1560,0,36.0,0,5013,79,13.0,2,1,1,229.14
1524,0,34.0,2,6113,102,37.0,2,1,1,459.675
2489,0,31.0,1,2053,53,68.5,5,1,1,103.59
2122,0,35.0,0,1260,53,19.0,3,1,2,144.52
608,0,37.0,0,13658,163,40.0,3,1,1,552.84
647,0,15.5,2,2738,39,15.0,3,1,1,111.08
2903,0,45.0,2,4503,78,38.0,1,1,1,339.955
713,0,38.0,1,2905,26,5.0,3,1,1,1815.735625
1573,0,34.0,5,9530,77,25.0,4,1,1,240.175
2481,0,41.0,0,1113,21,11.0,4,1,2,95.85
603,0,37.0,0,4083,60,31.0,1,1,1,227.865
1105,0,38.0,1,3530,79,28.0,3,1,1,264.36
1095,0,15.5,0,6088,135,40.0,1,2,1,771.265
1671,0,34.0,0,6298,63,31.0,2,1,1,596.745
1887,0,39.0,0,2475,53,22.0,2,1,1,905.76
611,0,37.0,0,2123,48,13.0,3,1,2,86.84
3029,0,37.0,0,1263,20,8.0,4,1,1,32.075
2462,0,43.0,4,14127,198,39.0,3,1,1,922.56
1877,0,39.0,0,1963,44,30.0,3,1,2,220.28
797,0,15.5,2,2852,39,18.0,3,1,1,207.64
1935,0,35.0,0,4123,87,26.0,2,1,1,202.95
737,0,36.0,0,2590,52,20.0,2,1,1,865.89
875,0,35.0,1,3550,33,14.0,3,1,1,175.32
2112,0,40.0,4,14127,198,34.0,3,2,1,871.04
385,0,39.0,0,3898,90,33.0,2,1,1,237.96
1695,0,15.5,0,5973,129,36.0,1,2,1,588.61
1734,0,32.0,2,6850,111,34.0,2,2,1,1541.745
2301,0,37.0,0,305,6,2.0,3,1,2,40.44
999,0,15.5,1,1487,19,7.0,3,1,1,60.24
1526,0,33.0,0,3285,45,29.0,2,1,2,253.35
409,0,35.0,1,4335,75,20.0,3,1,1,176.4
2809,0,40.0,2,4630,88,24.0,3,1,1,188.72
1719,0,35.0,0,7393,122,44.0,2,1,1,1815.735625
3026,1,36.0,0,2585,36,18.0,3,1,2,104.84
1416,0,38.0,0,750,16,14.0,2,1,2,52.47
421,0,34.0,1,6538,67,32.0,2,1,1,733.725
2864,0,34.0,0,14127,182,31.0,2,1,1,1389.24
1316,0,41.0,0,830,18,15.0,2,1,2,74.16
1903,0,37.0,0,4603,71,33.0,1,1,1,268.07
2183,0,35.0,5,14127,198,68.5,2,2,1,804.915
1531,0,34.0,0,923,11,17.0,4,1,2,80.85
90,0,29.0,1,760,28,9.0,3,1,1,91.52
2816,0,39.0,0,990,19,10.0,2,1,2,45.405
1672,0,30.0,0,535,35,11.0,2,1,2,25.65
1686,0,32.0,0,1245,32,14.0,3,1,2,51.08
191,0,30.0,0,905,12,7.0,4,1,2,100.425
1986,0,32.0,0,650,27,18.0,3,1,2,51.08
1658,0,35.0,0,13353,157,38.0,3,1,1,540.4
1800,0,31.0,0,4065,59,14.0,2,1,1,185.58
1309,0,42.0,1,4470,87,29.0,3,1,1,222.28
1718,0,35.0,0,0,0,0.0,2,1,2,9.0
2781,0,38.0,0,1123,14,9.0,4,1,2,90.925
1430,0,34.0,0,6660,99,25.0,4,1,1,213.975
666,0,37.0,0,1065,15,14.0,2,1,2,89.1
1422,1,34.0,0,830,49,20.0,2,1,2,129.555
2576,1,37.0,0,3895,57,33.0,3,1,2,306.08
2204,0,38.0,1,2638,61,33.0,2,1,1,152.955
1626,1,34.0,0,2800,41,18.0,3,1,2,249.64
2148,0,15.5,2,4695,46,12.0,3,1,1,1077.64
2687,0,39.0,2,3200,65,29.0,3,1,1,986.6
2890,0,24.0,0,1005,25,8.0,2,1,2,86.85
944,0,17.0,0,985,15,14.0,2,1,1,58.5
2759,0,40.0,2,5010,90,30.0,3,1,1,276.0
163,0,42.0,2,3175,29,12.0,3,1,1,1815.735625
2726,0,36.0,0,3180,41,14.0,3,1,2,156.84
74,0,38.0,2,5878,101,26.0,2,1,1,408.555
582,0,37.0,2,453,10,6.0,5,1,1,60.945
544,0,18.0,0,1095,16,6.0,2,1,1,81.495
638,0,26.0,0,1200,30,7.0,2,2,1,779.85
2679,0,39.0,2,2088,37,12.0,4,1,1,150.625
830,0,38.0,2,6785,103,23.0,5,1,1,136.32
202,0,33.0,0,2373,58,20.0,2,1,1,1679.895
3099,1,15.5,2,1792,25,9.0,3,1,1,100.68
2525,0,33.0,1,2965,20,11.0,3,1,1,147.4
922,0,32.0,0,245,36,17.0,2,1,2,12.645
1288,0,21.0,0,930,28,5.0,2,2,1,835.11
1132,0,36.0,1,93,1,2.0,5,1,1,4.41
1655,0,35.0,0,3355,70,22.0,2,1,1,154.125
451,0,39.0,0,918,15,19.0,3,1,2,149.32
1857,0,40.0,2,8810,121,42.0,3,1,1,937.24
1941,0,25.0,0,1230,15,1.0,4,1,2,86.125
2932,0,43.0,3,643,16,5.0,5,1,1,38.385
2915,0,44.0,3,6805,98,29.0,4,1,1,675.075
1389,0,18.0,0,1003,23,60.0,4,1,1,45.65
62,0,40.0,4,14127,198,34.0,3,1,1,853.12
2546,0,15.5,1,9058,169,37.0,5,1,1,241.905
710,0,38.0,0,5728,94,9.0,3,1,1,232.88
1446,0,16.0,0,8808,173,43.0,4,1,1,417.025
2269,0,43.0,2,7893,135,49.0,3,1,1,1815.735625
50,0,40.0,1,4430,74,19.0,3,1,1,220.16
1381,0,28.0,0,0,0,0.0,3,1,2,0.0
2208,0,38.0,1,14018,172,44.0,3,1,1,595.6
753,0,33.0,0,4198,60,34.0,1,1,1,234.19
1938,0,26.0,1,1720,41,9.0,2,2,1,952.245
184,1,38.0,4,7045,118,37.0,2,2,1,1586.835
632,0,35.0,0,0,0,0.0,4,1,1,0.0
1665,0,34.0,0,6080,74,20.0,3,1,1,834.16
1147,0,16.0,3,2608,42,19.0,3,1,1,222.0
623,0,35.0,7,10320,87,38.0,4,2,1,260.175
3002,0,38.0,0,2048,55,26.0,3,1,1,1448.12
1577,1,34.0,0,1363,28,14.0,3,1,2,79.64
2841,0,28.0,0,940,15,2.0,4,1,2,71.375
2715,0,38.0,1,6690,86,24.0,3,1,1,915.04
587,0,37.0,1,2895,59,27.0,2,1,1,1064.43
2811,1,40.0,0,2353,59,16.0,3,1,2,120.48
1500,0,36.0,1,4665,75,30.0,2,1,1,298.8
1508,0,36.0,1,14068,173,57.0,3,1,1,625.64
142,0,23.0,0,1165,29,11.0,2,1,1,116.73
658,0,38.0,0,13963,170,47.0,3,1,1,601.32
344,0,15.5,0,1435,16,8.0,2,1,1,123.795
435,0,33.0,0,3538,74,23.0,2,1,1,162.54
2280,0,39.0,3,7170,105,28.0,5,1,1,155.625
1969,0,34.0,0,6493,110,41.0,2,1,1,1815.735625
2326,1,33.0,0,3215,45,14.0,3,1,2,158.4
353,0,41.0,0,4378,74,40.0,1,1,1,310.86
1509,0,36.0,2,4810,87,38.0,3,1,1,259.88
2862,0,35.0,3,14127,198,33.0,3,1,1,838.8
2474,0,41.0,2,6303,112,31.0,2,1,1,486.675
2403,0,34.0,1,4243,62,31.0,2,1,1,225.225
1388,0,19.0,0,750,20,3.0,2,2,1,804.15
2,0,37.0,0,2453,60,24.0,3,1,1,1536.52
282,0,42.0,2,598,14,8.0,5,1,1,37.68
1518,1,35.0,0,295,4,13.0,2,1,2,76.455
2236,0,35.0,0,1910,47,20.0,3,1,2,238.28
1956,0,35.0,0,1345,22,16.0,3,1,1,1066.68
904,0,37.0,0,1683,47,33.0,1,1,1,95.15
2602,0,39.0,0,2158,56,11.0,3,1,1,1468.56
1106,0,38.0,0,2115,36,18.0,3,1,1,1218.04
173,1,40.0,9,10515,95,46.0,5,1,1,175.65
2523,0,35.0,9,10560,91,39.0,5,1,1,170.265
506,0,38.0,0,1760,29,3.0,3,1,1,1127.56
408,0,35.0,0,13593,161,39.0,3,1,1,550.16
881,1,37.0,0,1338,18,4.0,4,1,2,76.4
2347,0,15.5,3,3078,49,17.0,3,1,1,237.08
640,0,26.0,0,585,19,3.0,2,1,2,27.18
2613,0,40.0,1,2800,23,9.0,3,1,1,1815.735625
680,0,33.0,1,6975,98,25.0,5,1,1,140.595
1215,0,39.0,1,6275,82,28.0,3,1,1,1010.28
1283,0,25.0,1,14127,198,68.5,2,1,1,716.4
2559,0,40.0,4,5420,99,42.0,3,1,1,340.76
2404,0,34.0,1,2438,54,29.0,1,1,1,175.56
359,0,41.0,1,4695,91,30.0,3,1,1,243.44
2327,1,34.0,0,2493,48,29.0,3,1,2,225.64
639,0,25.0,0,1453,33,64.0,4,1,1,37.15
208,0,34.0,0,13693,167,40.0,3,1,1,554.4
19,0,37.0,0,7508,127,43.0,2,1,1,1815.735625
700,0,38.0,0,4180,70,14.0,3,1,1,170.0
487,0,36.0,2,3380,63,38.0,2,1,1,1036.935
308,0,32.0,0,13513,159,38.0,3,1,1,546.88
1119,0,37.0,0,7263,124,43.0,2,1,1,1815.735625
384,0,37.0,3,7145,124,38.0,2,2,1,1596.105
894,0,19.0,1,2405,37,14.0,2,1,1,271.89
845,0,22.0,2,6392,147,43.0,2,2,1,712.755
1157,0,33.0,0,8750,112,39.0,3,1,1,882.48
491,0,26.0,0,1425,20,18.0,4,1,2,141.125
1900,0,37.0,0,4775,76,15.0,2,1,1,321.795
2591,0,28.0,0,1730,26,20.0,4,1,2,166.4
2547,0,15.5,4,2978,43,16.0,3,1,1,228.84
744,0,18.0,0,1505,25,11.0,2,1,1,154.35
672,1,33.0,0,1145,48,20.0,2,1,2,166.185
1698,0,15.5,0,3970,28,4.0,2,1,1,971.91
2541,0,25.0,0,305,6,2.0,4,1,2,50.275
1692,0,22.0,0,805,20,7.0,1,1,1,45.375
2482,0,41.0,2,823,18,9.0,5,1,1,45.615
2763,0,40.0,2,3590,34,13.0,3,1,1,1815.735625
2825,0,36.0,1,2955,27,13.0,3,1,1,119.28
633,0,30.0,2,14127,198,68.5,2,1,1,728.64
2733,0,32.0,3,14127,198,68.5,2,1,1,774.135
114,0,35.0,0,14127,179,28.0,2,1,1,1354.68
1049,1,15.5,1,1487,19,7.0,3,1,1,60.24
685,0,36.0,0,3908,83,31.0,2,1,1,229.095
1264,0,31.0,0,14127,174,24.0,2,1,1,1285.83
622,0,32.0,0,840,41,13.0,2,1,2,39.645
482,0,36.0,3,938,14,17.0,5,1,1,51.78
1578,0,34.0,0,0,0,0.0,2,1,2,0.0
63,0,40.0,2,3155,30,10.0,3,1,1,1815.735625
868,0,38.0,0,710,11,2.0,2,1,2,68.445
1480,0,28.0,0,6300,83,15.0,4,1,1,159.575
1844,0,15.5,0,1390,14,11.0,2,1,1,121.68
177,1,40.0,0,2348,46,35.0,3,1,2,271.76
2353,0,46.0,2,4763,82,43.0,1,1,1,392.975
846,0,20.0,1,8932,177,41.0,5,1,1,258.135
54,0,40.0,1,2453,61,35.0,2,1,1,144.63
2743,0,26.0,0,3415,61,21.0,3,1,1,167.04
47,0,16.0,3,2853,45,19.0,3,2,1,239.92
1200,0,40.0,0,4145,67,19.0,2,1,1,225.54
1694,0,15.5,0,1275,14,8.0,2,1,1,58.005
2130,0,35.0,2,7090,103,24.0,5,1,1,139.395
339,0,20.0,0,1308,29,62.0,4,1,1,70.925
2282,0,42.0,3,723,12,8.0,5,1,1,42.525
2883,0,28.0,3,14127,198,68.5,2,1,1,747.81
777,1,31.0,0,2268,38,30.0,3,1,2,196.24
2836,0,37.0,0,1780,49,19.0,3,1,2,217.16
1576,0,33.0,0,2085,25,9.0,2,1,2,94.95
1670,0,34.0,0,11045,142,41.0,3,1,1,447.48
298,0,15.5,2,4650,50,16.0,3,1,1,1108.0
2636,0,37.0,0,1370,40,7.0,3,1,2,152.4
190,0,31.0,0,780,27,11.0,3,1,2,112.28
2284,0,40.0,5,7350,124,39.0,3,2,1,1450.96
2796,0,17.0,1,9427,178,45.0,5,1,1,277.575
2674,0,39.0,3,6238,110,30.0,3,1,1,513.92
1282,0,30.0,0,0,0,0.0,4,1,1,0.0
1222,0,35.0,0,730,43,19.0,2,1,2,120.285
1136,0,35.0,0,1420,41,20.0,3,1,1,202.44
3016,0,38.0,0,470,9,13.0,2,1,2,21.555
641,0,25.0,0,710,4,1.0,4,1,2,17.85
2424,0,32.0,1,5863,94,20.0,2,1,1,349.065
771,0,32.0,0,6718,69,36.0,2,1,1,755.415
1711,1,36.0,0,2123,49,18.0,3,1,2,126.88
415,0,34.0,1,6320,78,21.0,3,1,1,955.92
2143,0,27.0,1,3530,67,25.0,3,1,1,203.88
1290,0,21.0,0,315,17,1.0,2,1,2,14.94
2553,0,40.0,3,5103,82,52.0,1,1,1,444.675
1978,1,33.0,0,0,0,0.0,2,1,2,0.0
2164,0,41.0,2,14127,191,34.0,2,1,1,1450.845
1318,0,41.0,0,0,0,0.0,2,1,2,36.0
1764,0,35.0,0,14127,175,25.0,2,1,1,1285.425
2255,0,44.0,3,4160,90,34.0,3,1,1,366.0
2229,0,36.0,1,1913,28,6.0,4,1,1,66.025
246,0,15.5,0,8853,169,36.0,4,1,1,383.05
660,0,38.0,0,6108,96,15.0,3,1,1,312.16
553,0,39.0,1,4313,72,39.0,1,1,1,422.675
2970,0,40.0,3,12480,171,49.0,4,1,1,381.275
1069,0,35.0,0,7203,121,41.0,2,1,1,1815.735625
567,0,39.0,0,825,20,12.0,3,1,2,213.8
1553,0,36.0,0,3293,50,18.0,1,1,1,183.865
2500,0,37.0,1,4495,69,14.0,3,1,1,210.56
403,0,35.0,0,4018,58,30.0,1,1,1,224.18
1803,0,31.0,0,3893,54,32.0,1,1,1,217.085
158,0,42.0,1,13853,171,48.0,3,1,1,600.96
2240,0,27.0,0,945,28,7.0,3,1,2,86.92
2765,0,39.0,2,6995,93,31.0,3,1,1,1091.52
1876,1,38.0,0,2685,41,15.0,3,1,2,149.04
615,0,36.0,0,6385,80,22.0,3,1,1,874.6
2779,0,38.0,1,2163,32,11.0,4,1,1,94.875
440,0,24.0,0,520,17,2.0,2,1,2,24.165
754,0,33.0,0,2393,52,32.0,1,1,1,134.475
3048,0,15.5,1,3985,35,12.0,3,1,1,948.8
2971,0,40.0,3,7733,92,39.0,2,1,1,905.625
852,0,38.0,1,3163,71,24.0,3,1,1,1597.36
37,0,36.0,0,2780,53,23.0,2,1,1,914.985
2331,0,34.0,0,305,6,2.0,4,1,2,25.275
305,0,32.0,0,3515,72,22.0,2,1,1,237.915
708,0,38.0,0,13583,168,41.0,3,1,1,550.04
1905,0,37.0,1,4180,87,26.0,3,1,1,302.68
897,0,17.0,4,3562,56,19.0,3,2,1,300.72
1326,1,39.0,0,2945,45,20.0,3,1,2,187.6
1749,1,15.5,0,1372,14,8.0,2,1,1,71.37
1808,0,31.0,0,13468,157,41.0,3,1,1,545.0
1592,0,23.0,0,0,0,0.0,2,1,1,0.0
2459,0,43.0,2,5000,97,32.0,3,1,1,283.88
1485,0,31.0,0,3233,68,21.0,2,1,1,148.545
212,0,34.0,2,14127,198,28.0,3,1,1,787.32
2598,0,15.5,4,5295,56,27.0,3,2,1,1186.04
2981,0,39.0,0,1643,24,6.0,4,1,2,101.675
781,0,31.0,0,628,1,3.0,4,1,2,18.225
879,0,37.0,1,2378,36,6.0,4,1,1,80.35
2754,0,40.0,1,2888,65,38.0,2,1,1,213.885
2556,0,40.0,3,3265,55,35.0,4,1,1,865.5
707,0,37.0,2,8925,120,40.0,3,1,1,901.8
537,0,36.0,0,2180,43,8.0,2,1,1,793.035
267,0,44.0,0,970,24,14.0,3,1,2,151.76
2648,0,15.5,1,4095,36,25.0,3,1,1,969.24
2962,0,41.0,5,14127,198,34.0,3,2,1,931.88
351,0,42.0,0,498,13,9.0,2,1,2,103.995
1673,0,33.0,6,10015,81,36.0,4,1,1,252.4
1376,1,27.0,0,2425,25,8.0,2,1,2,110.25
2127,1,38.0,0,2573,50,33.0,4,1,2,168.075
61,0,40.0,1,2298,57,19.0,3,1,1,146.2
1851,0,42.0,0,13,5,3.0,3,1,2,32.72
327,1,30.0,0,2008,34,25.0,3,1,2,157.68
671,0,37.0,1,6908,76,40.0,2,1,1,840.78
1731,0,34.0,0,513,2,5.0,4,1,2,40.375
1154,0,34.0,0,2028,49,29.0,1,1,1,114.235
489,0,26.0,2,2168,49,68.5,4,1,1,182.925
2365,0,45.0,3,7065,102,34.0,4,1,1,699.175
1255,0,32.0,0,3390,74,22.0,2,1,1,223.38
456,0,38.0,2,2960,49,33.0,3,1,1,1344.36
2252,0,43.0,2,2838,68,30.0,3,1,1,1620.24
2807,0,39.0,3,9230,126,42.0,3,1,1,942.24
2246,0,15.5,1,9178,174,40.0,5,1,1,252.78
1585,0,34.0,0,2813,66,11.0,2,1,1,129.555
46,0,15.5,0,8933,171,40.0,4,1,1,410.1
101,0,37.0,0,258,2,2.0,2,1,2,20.7
1563,0,36.0,0,2190,11,5.0,3,1,1,1815.735625
2758,0,40.0,1,14127,176,49.0,3,1,1,641.76
1336,0,39.0,0,1620,48,24.0,3,1,2,250.72
1990,0,24.0,0,0,0,0.0,2,1,2,0.0
1054,0,36.0,0,2088,52,31.0,1,1,1,117.7
1629,0,35.0,0,1478,25,8.0,4,1,1,100.075
1939,0,25.0,0,1973,44,66.0,4,1,1,127.925
1115,0,37.0,1,6255,83,26.0,3,1,1,989.52
70,0,39.0,2,11525,157,49.0,4,2,1,332.05
2786,0,37.0,0,2160,51,25.0,3,1,2,304.44
935,0,35.0,0,3008,71,28.0,2,1,1,138.555
1071,0,35.0,0,6413,69,35.0,2,1,1,746.19
739,0,26.0,0,1378,38,65.0,4,1,1,87.9
1775,0,32.0,0,2345,15,9.0,3,1,1,94.4
760,0,33.0,0,5918,89,11.0,2,1,1,270.315
6,0,38.0,0,2360,39,18.0,3,1,1,1235.96
1229,0,38.0,0,1443,21,8.0,3,1,1,70.56
2845,0,19.0,2,6507,146,41.0,2,2,1,672.885
86,0,37.0,1,1725,47,22.0,3,1,1,242.88
819,0,42.0,1,7508,133,44.0,3,1,1,1815.735625
2716,0,38.0,0,1065,14,9.0,2,1,2,80.055
1839,0,19.0,0,1263,27,65.0,4,1,1,69.75
1533,0,29.0,4,14127,198,68.5,2,1,1,810.54
976,1,35.0,0,2990,41,16.0,3,1,2,157.24
874,0,37.0,2,6528,109,24.0,2,1,1,451.665
2431,0,32.0,0,305,6,2.0,4,1,2,25.275
2505,0,37.0,2,3900,80,25.0,3,1,1,271.2
834,0,39.0,4,6965,122,34.0,3,2,1,1399.48
2219,0,37.0,1,7753,130,43.0,3,1,1,1815.735625
2218,0,37.0,0,305,6,2.0,2,1,2,45.495
510,0,38.0,0,5318,85,15.0,2,1,1,243.135
1242,0,27.0,0,1000,28,15.0,2,1,1,145.26
2972,1,36.0,0,1970,64,19.0,3,2,2,205.36
1411,0,39.0,0,2113,56,20.0,3,1,2,134.76
2194,0,22.0,2,2060,35,18.0,3,1,1,243.8
1245,0,19.0,1,6168,137,44.0,1,2,1,830.775
2362,0,46.0,5,14127,198,40.0,3,1,1,941.84
940,0,26.0,0,0,0,0.0,2,1,2,0.0
1997,0,15.5,1,1837,28,17.0,3,1,1,74.6
1636,0,34.0,0,1475,44,22.0,3,1,2,312.76
2072,1,31.0,0,650,41,15.0,2,1,2,71.595
3014,0,38.0,0,14127,177,32.0,2,1,1,1280.565
33,0,31.0,3,14127,198,68.5,2,2,1,734.085
2893,0,22.0,0,3530,61,24.0,3,1,1,171.64
930,0,32.0,0,6075,86,22.0,4,1,1,154.025
2946,0,22.0,2,9237,183,43.0,5,1,1,273.3
1294,0,15.5,0,1310,18,8.0,2,1,1,109.26
2659,0,41.0,3,4935,95,31.0,4,1,1,228.25
1247,0,18.0,3,2628,41,21.0,3,1,1,242.76
1525,0,32.0,1,3135,26,27.0,3,1,1,182.44
2195,0,21.0,3,6758,150,46.0,2,2,1,747.36
1128,0,36.0,0,0,0,0.0,3,1,1,0.0
1586,0,33.0,0,760,28,3.0,3,1,2,71.52
678,0,36.0,0,323,3,5.0,3,1,2,49.04
1252,0,31.0,0,2068,52,18.0,2,1,1,1634.4
679,0,36.0,0,1858,26,9.0,3,1,1,111.36
2830,0,35.0,2,6900,102,21.0,5,1,1,123.03
2694,0,21.0,2,2115,38,20.0,3,1,1,354.12
828,0,41.0,0,133,8,3.0,3,1,2,37.64
736,0,35.0,0,1475,43,17.0,3,1,2,176.72
2215,0,37.0,1,6745,89,26.0,3,1,1,1025.36
45,0,17.0,1,6393,141,42.0,2,2,1,676.53
1324,0,40.0,1,5773,102,28.0,2,1,1,417.375
2136,0,37.0,0,1970,50,22.0,3,1,2,260.8
794,0,15.5,0,1695,20,13.0,2,1,1,167.175
1052,0,35.0,0,2148,54,22.0,2,1,1,1683.09
337,0,30.0,0,2520,43,17.0,2,1,1,835.335
293,0,31.0,1,3485,71,29.0,3,1,1,234.24
2125,0,36.0,1,3145,28,16.0,3,1,1,154.92
1552,0,35.0,0,1548,44,7.0,2,1,1,1561.14
2527,0,35.0,0,2393,42,28.0,4,1,2,135.875
604,0,37.0,0,2278,52,29.0,1,1,1,128.15
2509,0,37.0,2,4640,81,22.0,3,1,1,216.84
2259,0,44.0,3,4900,91,31.0,3,1,1,275.64
2706,0,39.0,0,2550,39,16.0,3,1,1,1143.56
2111,1,40.0,0,2543,60,19.0,3,1,2,164.12
556,0,39.0,1,2475,45,22.0,4,1,1,855.5
512,0,38.0,1,14127,198,17.0,3,1,1,722.2
211,0,34.0,0,2158,52,13.0,3,1,2,88.4
2349,1,15.5,1,1713,23,5.0,3,1,1,97.44
1796,0,15.5,0,8437,164,35.0,4,1,1,357.525
2156,0,42.0,2,2725,48,22.0,4,1,1,811.825
313,0,32.0,0,2835,17,2.0,3,1,1,1815.735625
1858,0,41.0,0,13468,169,43.0,3,1,1,549.48
2639,0,28.0,0,1273,35,55.0,4,1,1,72.7
2629,0,38.0,1,1373,21,2.0,4,1,1,52.35
1338,0,31.0,1,1270,40,15.0,2,2,1,963.45
558,0,39.0,1,13888,175,48.0,3,1,1,690.52
2360,0,46.0,2,6483,111,20.0,3,1,1,379.76
2422,0,29.0,0,1000,43,13.0,2,1,2,82.935
348,0,15.5,0,4130,30,4.0,3,1,1,966.4
32,0,36.0,1,338,4,2.0,5,1,1,11.13
414,0,34.0,0,14127,174,25.0,2,1,1,1322.055
9,0,38.0,1,4515,83,25.0,3,1,1,191.92
469,0,37.0,2,8108,137,58.0,3,1,1,1815.735625
2484,0,39.0,4,7450,130,40.0,3,2,1,1459.2
2298,0,15.5,3,4775,48,16.0,3,1,1,1120.92
1373,0,28.0,6,9870,77,34.0,4,2,1,248.675
1217,0,40.0,0,485,10,10.0,2,1,2,94.275
802,0,42.0,1,2453,66,25.0,3,1,1,1568.76
428,0,33.0,0,0,0,0.0,3,1,2,0.0
91,0,28.0,1,885,13,5.0,4,1,1,87.45
2101,0,41.0,0,623,11,6.0,3,1,2,81.36
1940,0,26.0,0,1105,30,5.0,2,1,2,100.575
1491,0,21.0,0,0,0,0.0,4,1,2,7.5
1574,0,34.0,0,4913,82,7.0,2,1,1,224.775
766,0,32.0,0,875,8,10.0,2,1,2,39.735
1581,1,34.0,0,0,0,0.0,4,1,2,0.0
264,0,43.0,1,14127,192,36.0,2,1,1,1459.665
496,0,15.5,2,9533,181,55.0,5,1,1,286.71
374,0,39.0,1,5998,106,29.0,2,1,1,441.18
1959,0,35.0,0,3500,66,23.0,3,1,1,142.64
207,0,33.0,1,9035,119,39.0,3,1,1,902.16
1788,0,25.0,0,820,29,6.0,2,2,1,834.705
2605,0,40.0,0,3480,78,15.0,3,1,1,214.32
1778,0,34.0,0,0,0,0.0,3,1,2,0.0
2116,0,39.0,0,1180,20,13.0,2,1,2,85.5
216,0,33.0,0,795,12,7.0,2,1,2,36.315
1303,0,42.0,0,4153,70,39.0,1,1,1,281.765
107,0,35.0,1,9055,118,41.0,3,1,1,922.92
1804,0,31.0,0,2088,46,30.0,1,1,1,117.37
68,1,39.0,1,60,3,2.0,2,1,1,25.335
1206,0,40.0,0,2135,35,20.0,3,1,1,1238.8
1787,0,34.0,0,2285,46,18.0,2,1,1,820.395
2538,0,26.0,2,1440,34,8.0,3,2,1,814.96
1435,0,37.0,0,3593,84,31.0,2,1,1,192.465
1676,1,32.0,0,2570,29,10.0,2,1,2,116.955
932,0,35.0,0,0,0,0.0,5,1,1,0.0
328,0,30.0,0,0,0,0.0,3,1,2,0.0
1315,0,41.0,1,6455,90,30.0,3,1,1,1037.8
1602,0,36.0,0,2263,60,26.0,3,1,1,1628.92
903,0,37.0,0,3488,55,35.0,1,1,1,194.865
3023,0,37.0,8,10030,88,44.0,5,1,1,151.77
166,0,41.0,0,955,16,15.0,2,1,2,88.695
2963,0,41.0,3,4110,44,10.0,4,1,1,1348.85
1180,0,29.0,0,6420,88,18.0,4,1,1,167.7
586,0,36.0,0,1780,50,24.0,4,1,2,220.75
425,0,31.0,0,2660,14,9.0,3,1,1,106.96
2046,0,15.5,0,8627,165,38.0,4,1,1,384.8
2370,0,45.0,3,12030,170,55.0,4,1,1,387.5
2530,0,32.0,2,6910,95,19.0,5,1,1,120.075
1204,0,40.0,0,2168,54,35.0,1,1,1,149.71
150,0,42.0,1,4450,73,21.0,3,1,1,240.92
900,0,37.0,0,3660,60,17.0,2,1,1,167.4
1558,0,36.0,0,12868,153,27.0,3,1,1,520.84
2363,0,46.0,3,3660,43,16.0,4,1,1,1355.075
1066,0,35.0,0,570,8,9.0,2,1,2,26.01
1512,0,36.0,4,14127,198,45.0,3,2,1,898.56
459,0,38.0,3,5115,93,40.0,3,1,1,300.32
2988,0,30.0,3,2330,53,13.0,3,2,1,927.32
2341,0,24.0,0,305,6,2.0,4,1,2,52.775
534,0,34.0,1,6365,106,18.0,2,2,1,1416.195
2735,0,37.0,0,3908,82,26.0,2,1,1,211.05
774,0,31.0,0,5818,92,23.0,2,1,1,346.95
941,0,25.0,0,0,0,0.0,4,1,2,0.0
413,0,35.0,1,2915,19,3.0,3,1,1,1815.735625
1721,0,35.0,0,6603,70,38.0,2,1,1,795.285
2260,0,44.0,2,6303,103,18.0,3,1,1,352.24
1220,0,39.0,1,11240,150,49.0,3,1,1,511.6
357,0,40.0,2,9295,129,48.0,3,1,1,996.96
2302,0,35.0,1,2678,64,22.0,3,1,1,1533.68
1517,0,36.0,0,1005,18,21.0,2,1,2,167.535
691,0,26.0,0,1015,11,6.0,4,1,2,100.65
1312,0,42.0,3,14127,198,36.0,3,1,1,860.96
1743,0,23.0,0,3110,56,24.0,3,1,1,166.64
2610,0,40.0,1,5623,91,17.0,3,1,1,256.56
2957,0,40.0,4,10130,138,45.0,3,1,1,1046.72
1554,0,36.0,0,1488,42,16.0,1,1,1,84.15
2542,0,24.0,1,1350,30,10.0,2,1,1,129.6
2719,0,38.0,0,7698,127,41.0,2,1,1,1815.735625
752,0,32.0,0,2453,54,23.0,2,1,1,1692.315
637,0,35.0,0,2665,47,19.0,2,1,1,765.54
820,0,42.0,2,11465,160,48.0,4,1,1,338.125
2329,0,34.0,1,1893,29,4.0,4,1,1,65.55
2391,0,34.0,0,1390,26,11.0,4,1,2,142.9
1879,0,39.0,0,1363,25,5.0,4,1,1,37.2
340,0,21.0,0,440,15,1.0,2,1,2,20.475
3047,0,17.0,3,2447,40,21.0,3,1,1,151.48
1243,0,27.0,0,3000,57,25.0,3,1,1,166.28
1182,0,32.0,0,0,0,0.0,4,1,1,0.0
2650,0,41.0,2,4790,83,23.0,3,1,1,370.92
2397,0,24.0,5,3418,61,27.0,4,2,1,219.475
1815,0,30.0,0,6195,74,23.0,3,1,1,934.76
1406,0,39.0,0,2235,41,21.0,3,1,1,1247.04
1126,0,35.0,0,2745,38,16.0,3,1,1,139.32
318,0,31.0,0,0,0,0.0,2,1,2,0.0
2128,0,38.0,0,438,8,4.0,3,1,2,45.84
143,0,23.0,0,3165,58,21.0,3,1,1,140.92
1219,0,39.0,0,7283,123,45.0,2,1,1,1815.735625
547,0,16.0,1,2253,35,4.0,3,1,1,131.52
1648,0,15.5,1,4200,40,12.0,3,1,1,1129.6
286,0,41.0,0,1925,54,26.0,3,1,2,291.16
2699,1,15.5,3,1908,31,13.0,3,1,1,233.56
2386,0,43.0,0,2230,60,28.0,4,1,2,207.25
1653,0,35.0,0,3778,54,29.0,1,1,1,210.76
1428,0,37.0,0,8,4,5.0,3,1,2,16.48
809,0,43.0,2,4515,89,26.0,3,1,1,224.16
1529,0,34.0,1,1963,29,19.0,3,1,1,135.68
541,0,26.0,0,0,0,0.0,4,1,2,0.0
2213,0,38.0,1,3340,30,8.0,3,1,1,1815.735625
1374,0,28.0,0,5253,82,16.0,2,1,1,258.075
2274,0,42.0,3,6203,106,30.0,3,1,1,424.36
706,0,38.0,0,2170,38,15.0,3,1,1,1192.32
2899,0,15.5,1,1792,19,8.0,3,1,1,72.44
2918,0,44.0,0,305,12,3.0,3,1,2,72.68
696,0,15.5,0,9122,172,43.0,4,1,1,437.35
2826,0,37.0,0,3105,46,15.0,3,1,2,154.04
1702,0,35.0,0,2338,55,25.0,2,1,1,1732.185
2188,0,31.0,3,1680,45,15.0,3,2,1,889.0
870,0,38.0,2,12175,165,47.0,4,1,1,356.0
2454,0,43.0,1,2878,72,40.0,2,1,1,222.75
629,0,35.0,0,1553,19,2.0,3,1,1,62.88
578,0,37.0,0,248,8,6.0,3,1,2,138.24
1225,0,36.0,0,2615,18,16.0,3,1,1,117.32
2334,0,32.0,3,7190,120,31.0,3,2,1,1364.4
145,0,15.5,0,6333,138,40.0,1,2,1,795.905
283,1,37.0,4,14127,198,68.5,2,1,1,813.735
125,0,32.0,0,2780,19,12.0,3,1,1,111.96
648,0,15.5,0,4275,34,6.0,3,1,1,904.36
1693,0,22.0,0,2805,49,17.0,3,1,1,114.16
1179,0,32.0,0,1303,16,2.0,3,1,1,52.76
2947,0,23.0,5,3157,57,22.0,4,1,1,195.35
455,0,38.0,3,4375,92,43.0,3,1,1,390.68
1158,0,34.0,0,13408,160,40.0,3,1,1,542.72
535,0,36.0,0,3118,72,13.0,2,1,1,143.55
636,0,34.0,0,1550,38,16.0,3,1,2,87.52
2996,0,18.0,2,9947,188,42.0,5,1,1,284.025
284,1,40.0,4,7225,126,39.0,3,2,1,1438.04
1056,0,36.0,0,2055,33,16.0,3,1,1,1195.52
1274,0,30.0,0,5433,90,18.0,2,1,1,289.035
139,0,24.0,0,1508,36,66.0,4,1,1,101.1
917,0,37.0,0,0,0,0.0,2,1,2,0.0
1639,0,25.0,0,1378,39,68.5,4,1,1,172.925
245,0,15.5,0,6313,139,38.0,1,2,1,767.36
3038,0,28.0,1,910,31,13.0,2,2,1,829.845
218,0,33.0,0,0,0,0.0,2,1,2,0.0
644,0,17.0,0,1580,20,10.0,2,1,1,72.0
673,0,36.0,8,10625,94,45.0,5,1,1,175.785
684,0,34.0,3,7155,117,36.0,2,2,1,1587.24
2163,0,42.0,3,3460,36,12.0,4,1,1,1324.9
1590,0,25.0,0,0,0,0.0,2,1,2,0.0
1340,0,31.0,0,655,29,11.0,2,1,2,111.78
1185,0,32.0,0,3353,73,24.0,2,1,1,154.17
395,0,20.0,1,6573,149,47.0,2,2,1,734.49
2197,0,20.0,5,3218,54,23.0,3,2,1,302.88
334,0,28.0,2,6705,106,27.0,2,2,1,1458.495
1912,1,37.0,3,14127,198,30.0,3,1,1,851.0
1196,0,15.5,0,8568,162,36.0,4,1,1,370.75
1144,0,18.0,0,1450,23,14.0,2,1,1,183.285
2652,0,40.0,2,2873,72,30.0,3,1,1,1709.8
1328,0,40.0,0,88,6,6.0,3,1,2,35.76
2840,0,29.0,0,815,30,6.0,3,1,2,65.8
1365,0,29.0,0,5935,70,18.0,3,1,1,896.2
2913,0,45.0,3,3400,39,11.0,4,1,1,1330.975
1737,0,34.0,0,2665,48,24.0,2,1,1,918.585
1907,0,36.0,2,9520,126,41.0,3,1,1,965.84
2241,0,26.0,0,1070,13,3.0,4,1,2,84.575
302,0,31.0,0,2193,50,18.0,2,1,1,1648.935
116,0,35.0,0,815,11,9.0,2,1,2,37.17
2376,1,43.0,0,3555,57,24.0,3,1,2,268.48
343,0,19.0,0,2965,51,17.0,3,1,1,120.64
2808,0,40.0,1,13888,174,43.0,3,1,1,562.48
363,0,41.0,1,3275,35,13.0,3,1,1,1815.735625
2685,0,39.0,2,4138,94,34.0,3,1,1,333.28
1597,0,15.5,0,1948,29,2.0,3,1,1,91.08
705,0,38.0,1,3585,81,25.0,3,1,1,238.64
2925,0,41.0,2,3145,34,17.0,4,1,1,116.975
631,0,35.0,0,513,1,3.0,4,1,2,12.85
2661,1,41.0,0,2658,66,23.0,4,1,2,185.6
1845,0,15.5,0,6087,129,39.0,1,2,1,726.88
1580,0,31.0,0,5880,81,5.0,4,1,1,149.025
2354,0,46.0,2,2958,74,41.0,2,1,1,244.44
1976,0,32.0,0,1975,24,14.0,2,1,2,89.955
1447,0,17.0,2,2728,47,22.0,3,1,1,251.0
1434,0,35.0,2,6840,118,36.0,2,2,1,1550.61
214,0,33.0,0,14127,180,26.0,2,1,1,1331.325
2485,0,41.0,1,4203,96,35.0,3,1,1,251.96
222,0,29.0,0,875,45,13.0,2,1,2,68.4
3,0,38.0,0,4198,66,35.0,1,1,1,240.02
2569,0,39.0,3,8413,143,60.0,3,1,1,1815.735625
1953,0,35.0,0,3183,49,33.0,1,1,1,177.76
2698,0,15.5,3,4810,52,16.0,3,1,1,1210.48
2703,0,39.0,0,4388,66,33.0,1,1,1,283.47
1601,0,38.0,0,128,5,6.0,3,1,2,133.32
1832,0,29.0,0,0,0,0.0,4,1,1,0.0
937,0,35.0,0,2070,42,23.0,2,1,1,770.04
2480,0,38.0,2,7270,111,29.0,5,1,1,158.715
1570,0,35.0,0,10560,138,30.0,3,1,1,427.92
2124,0,38.0,2,6123,104,26.0,2,1,1,428.715
1062,0,36.0,2,14127,198,30.0,3,1,1,790.16
2914,0,44.0,2,14127,194,33.0,3,1,1,1299.36
1794,0,16.0,0,1200,19,9.0,2,1,1,108.855
1714,0,35.0,0,14127,177,31.0,2,1,1,1383.615
1682,0,33.0,0,0,0,0.0,4,1,1,0.0
109,0,36.0,0,4455,80,23.0,3,1,1,181.4
2411,0,34.0,0,2283,50,13.0,3,1,2,121.32
2387,0,44.0,2,3345,69,31.0,2,1,1,1040.13
1102,0,37.0,0,2208,57,24.0,2,1,1,1708.425
1197,0,15.5,1,2488,36,15.0,3,1,1,176.96
64,0,39.0,1,14127,185,32.0,2,1,1,1405.35
1750,0,36.0,0,3875,64,12.0,2,1,1,177.255
2785,0,38.0,1,4213,89,33.0,3,1,1,244.08
2961,0,41.0,0,3253,71,19.0,4,1,2,140.6
1948,0,15.5,1,4795,45,8.0,3,1,1,1057.6
285,0,42.0,1,3978,92,34.0,3,1,1,230.8
2627,0,38.0,0,1973,40,18.0,3,1,2,160.52
3034,0,35.0,3,6560,111,35.0,2,2,1,1438.695
1125,0,34.0,0,2595,19,14.0,3,1,1,104.56
2822,1,35.0,0,1070,52,16.0,3,1,2,100.88
499,1,15.5,3,2088,29,22.0,3,1,1,168.68
2487,0,41.0,1,3265,67,30.0,2,1,1,1018.44
1754,0,36.0,0,1898,51,28.0,1,1,1,107.195
3018,0,38.0,0,0,0,0.0,2,1,2,0.0
1342,0,29.0,0,1180,36,17.0,2,1,1,176.22
1535,0,34.0,1,4013,86,41.0,2,1,1,256.455
265,0,43.0,2,6760,96,32.0,3,1,1,1078.24
2254,0,44.0,2,2778,66,39.0,2,1,1,213.48
2560,0,40.0,3,6823,111,29.0,3,1,1,417.36
1772,1,31.0,0,460,40,12.0,2,1,2,22.5
1539,0,24.0,1,1863,43,68.5,4,1,1,157.65
2597,0,18.0,6,3758,61,36.0,3,2,1,388.76
811,1,43.0,0,2238,60,18.0,3,1,2,155.92
14,0,37.0,0,14127,182,30.0,2,1,1,1380.015
2384,1,42.0,5,7530,132,41.0,3,2,1,1478.48
276,1,41.0,0,3250,51,22.0,3,1,2,228.04
38,0,27.0,1,1315,36,11.0,2,2,1,929.295
2998,0,15.5,3,5405,57,12.0,3,1,1,1138.48
80,0,35.0,2,6845,100,24.0,5,1,1,132.675
1999,0,15.5,0,472,2,5.0,2,1,1,21.33
657,0,37.0,2,9305,122,46.0,3,1,1,989.08
2924,0,43.0,3,6123,110,27.0,3,1,1,413.32
1783,0,29.0,2,14127,198,68.5,2,1,1,711.495
2248,0,15.5,1,4635,43,10.0,3,1,1,1055.12
2580,0,35.0,4,7690,113,39.0,5,1,1,180.045
1562,0,36.0,0,14127,198,15.0,3,1,1,681.76
1077,0,34.0,0,1963,38,29.0,3,1,2,188.04
412,0,35.0,3,14127,198,27.0,3,1,1,779.08
1790,0,25.0,0,205,18,2.0,2,1,2,10.035
3044,0,19.0,0,1290,21,16.0,2,1,1,103.995
803,0,43.0,1,4198,72,36.0,1,1,1,284.35
442,0,22.0,0,1045,24,8.0,2,1,1,84.105
1360,0,30.0,0,5353,79,4.0,2,1,1,244.44
1440,0,28.0,0,575,27,10.0,2,1,2,90.09
2945,0,24.0,3,6697,153,45.0,2,2,1,758.25
2393,0,33.0,2,3790,77,31.0,4,1,1,171.675
2310,0,36.0,1,6143,99,10.0,3,1,1,277.68
1753,0,36.0,0,3703,59,30.0,2,1,1,169.29
36,0,35.0,0,1665,44,20.0,3,1,2,220.36
2277,1,42.0,0,2653,52,37.0,4,1,2,195.125
2665,0,40.0,3,6920,98,32.0,4,1,1,737.95
8,0,38.0,0,13773,169,44.0,3,1,1,557.68
2375,0,42.0,2,3405,38,22.0,4,1,1,141.075
2923,0,43.0,10,10740,105,45.0,5,2,1,186.675
2182,0,40.0,3,703,13,6.0,5,1,1,34.74
977,0,36.0,0,2268,44,31.0,3,1,2,228.48
452,0,37.0,2,3053,70,39.0,3,1,1,1644.92
1833,0,24.0,1,14127,198,68.5,2,1,1,719.82
920,0,36.0,0,10755,143,47.0,3,1,1,435.92
1662,0,35.0,1,14127,198,26.0,2,1,1,739.485
1534,0,32.0,4,7260,120,46.0,2,2,1,1614.6
362,0,41.0,3,14127,198,37.0,3,1,1,882.12
1745,0,15.5,0,6277,136,43.0,1,2,1,831.215
2696,0,18.0,2,9353,183,46.0,5,1,1,311.04
399,0,15.5,1,1668,27,12.0,3,1,1,111.8
1394,0,15.5,0,1130,10,6.0,2,1,1,78.3
2247,0,16.0,3,3098,48,19.0,3,1,1,257.84
2615,0,39.0,0,6205,82,13.0,3,1,1,939.48
168,0,41.0,0,80,2,4.0,2,1,2,48.69
2478,1,41.0,0,618,16,9.0,3,1,2,97.36
675,0,34.0,0,3030,23,17.0,3,1,1,158.12
2705,0,39.0,1,3965,82,26.0,3,1,1,189.88
824,0,41.0,2,5818,104,25.0,3,1,1,372.88
2908,0,45.0,2,14078,181,47.0,3,1,1,630.36
2038,0,25.0,0,1010,30,9.0,2,2,1,883.8
2514,0,36.0,1,14127,180,27.0,2,1,1,1367.55
2428,0,32.0,0,305,6,2.0,3,1,2,40.44
1806,0,31.0,0,2055,27,15.0,3,1,1,1163.28
2515,0,36.0,2,6625,84,23.0,3,1,1,996.36
2413,0,34.0,1,3140,23,4.0,3,1,1,1815.735625
2704,0,39.0,0,2583,58,31.0,1,1,1,183.755
2929,0,43.0,2,1973,37,9.0,4,1,1,87.75
2839,0,28.0,1,1683,44,67.0,5,1,1,67.905
2419,0,33.0,1,7553,123,39.0,2,1,1,1815.735625
1055,0,36.0,0,3470,76,26.0,2,1,1,272.07
1456,0,33.0,0,1875,25,11.0,3,1,1,1144.0
2646,0,17.0,0,8638,167,27.0,5,1,1,220.575
2692,0,28.0,2,1645,44,19.0,2,1,1,337.005
281,0,42.0,0,888,17,10.0,4,1,2,82.625
2561,0,40.0,0,3143,70,34.0,3,1,2,272.52
1541,0,24.0,0,1120,14,16.0,4,1,2,115.85
476,1,35.0,0,3590,51,31.0,3,1,2,265.64
1191,0,22.0,0,0,0,0.0,4,1,2,22.5
1431,1,37.0,0,503,9,7.0,4,1,2,45.3
1510,0,36.0,1,6213,99,25.0,2,1,1,378.54
946,0,15.5,0,8222,160,40.0,4,1,1,329.55
2691,0,29.0,0,1245,22,9.0,4,1,2,181.675
2492,0,30.0,1,1710,46,20.0,2,1,1,245.52
795,0,15.5,0,6392,135,41.0,1,2,1,782.485
2154,0,42.0,2,2758,67,37.0,2,1,1,190.125
2788,0,29.0,2,1810,43,16.0,3,2,1,910.12
2317,0,36.0,0,935,18,6.0,3,1,2,78.12
634,0,33.0,2,6850,110,29.0,2,2,1,1388.7
1723,0,34.0,7,10320,88,43.0,4,1,1,267.7
1199,1,15.5,0,1123,10,3.0,2,1,2,50.985
3095,0,19.0,2,6697,147,44.0,2,2,1,721.98
241,0,22.0,0,0,0,0.0,4,1,2,27.5
1244,0,20.0,0,1470,22,16.0,2,1,1,206.64
1993,0,22.0,0,2210,44,21.0,3,1,1,90.16
2977,1,39.0,0,3283,61,33.0,4,1,2,206.1
2402,0,33.0,1,2498,56,20.0,3,1,1,1506.16
853,0,39.0,1,4908,77,35.0,1,1,1,323.675
2442,0,21.0,1,1270,28,9.0,2,1,1,107.91
509,0,38.0,0,3915,73,10.0,3,1,1,159.52
2964,0,40.0,2,14127,198,32.0,2,1,1,1493.955
1332,0,40.0,1,293,8,6.0,5,1,1,22.515
1112,0,38.0,3,14127,198,32.0,3,1,1,812.68
1716,0,35.0,0,760,9,12.0,2,1,2,43.605
1537,0,34.0,1,3075,57,36.0,2,1,1,991.44
2725,0,35.0,0,3030,22,12.0,3,1,1,150.08
2159,0,42.0,3,4880,92,29.0,4,1,1,159.3
2917,0,45.0,0,1015,26,11.0,3,1,2,153.64
2882,0,33.0,1,643,4,3.0,5,1,1,14.205
2434,0,30.0,3,7010,112,29.0,2,2,1,1503.99
873,0,37.0,9,11145,104,42.0,5,2,1,182.235
2814,0,39.0,1,14127,187,29.0,2,1,1,1376.415
1765,0,35.0,0,6005,79,21.0,3,1,1,923.36
2303,0,36.0,1,4423,70,33.0,2,1,1,233.685
2714,0,38.0,0,14127,182,28.0,2,1,1,1276.065
1256,0,32.0,0,1975,31,12.0,3,1,1,1152.24
317,0,32.0,0,450,4,2.0,2,1,2,20.43
3011,0,39.0,0,1833,49,19.0,3,1,2,75.28
1760,0,36.0,0,5423,88,7.0,2,1,1,247.995
483,0,31.0,5,14127,198,68.5,2,1,1,856.035
681,0,36.0,0,818,8,7.0,4,1,2,65.65
1176,1,31.0,0,2625,32,12.0,2,1,2,119.565
2200,0,38.0,1,4615,74,17.0,3,1,1,215.56
2791,0,28.0,0,1320,17,8.0,4,1,2,125.925
2045,0,15.5,0,6087,135,40.0,1,2,1,771.21
233,0,27.0,2,14127,198,68.5,2,1,1,730.395
427,1,33.0,0,2088,36,26.0,3,1,2,176.96
719,0,37.0,0,7318,126,40.0,2,1,1,1815.735625
1173,0,32.0,6,10070,84,38.0,4,1,1,253.85
890,0,28.0,0,1410,36,7.0,3,1,2,129.84
2572,1,35.0,0,1860,63,34.0,3,1,2,252.92
2895,0,15.5,1,6697,141,43.0,1,2,1,838.09
204,0,34.0,0,2313,56,29.0,1,1,1,130.295
1299,0,15.5,0,1103,11,1.0,2,1,1,50.13
2528,1,35.0,0,305,6,2.0,3,1,2,40.44
2135,0,38.0,1,4023,88,30.0,3,1,1,200.44
1184,0,30.0,1,6600,107,29.0,2,2,1,1467.315
1189,0,22.0,0,1203,30,64.0,4,1,1,75.825
1895,0,20.0,1,6087,141,41.0,2,2,1,667.26
118,0,35.0,0,0,0,0.0,2,1,2,0.0
1100,0,38.0,0,4125,68,17.0,2,1,1,202.185
1148,0,15.5,1,4145,37,10.0,3,1,1,1019.28
2734,0,35.0,3,7155,116,31.0,2,2,1,1434.195
1565,0,35.0,0,5595,70,9.0,3,1,1,858.6
2307,0,35.0,2,9340,125,41.0,3,1,1,942.6
1931,0,35.0,0,1033,12,2.0,4,1,2,51.125
643,0,24.0,0,3110,55,19.0,3,1,1,126.6
517,0,38.0,0,110,4,1.0,2,1,2,5.13
2711,1,39.0,0,2428,54,15.0,3,1,2,127.28
2407,0,33.0,2,9160,117,39.0,3,1,1,915.08
2450,0,43.0,1,4855,85,24.0,3,1,1,289.6
426,0,32.0,0,2810,33,11.0,3,1,2,113.72
2737,0,37.0,0,2970,53,21.0,2,1,1,811.035
253,0,44.0,1,4458,76,41.0,1,1,1,337.37
1165,0,33.0,0,6135,77,22.0,3,1,1,944.48
533,0,31.0,1,14127,198,65.0,2,1,1,706.635
646,0,15.5,0,8818,165,36.0,4,1,1,327.075
1201,0,41.0,0,93,1,6.0,2,1,2,49.23
627,0,35.0,0,2153,38,27.0,3,1,2,95.64
2701,0,40.0,0,305,6,2.0,2,1,2,45.495
1308,0,42.0,0,13728,173,48.0,3,1,1,588.04
2965,0,40.0,3,7515,103,28.0,3,1,1,1108.72
825,0,39.0,1,2840,28,15.0,3,1,1,146.72
372,1,36.0,0,1135,55,22.0,2,1,2,175.05
591,0,27.0,0,940,16,7.0,4,1,2,156.4
568,0,38.0,0,115,6,4.0,2,1,2,149.445
3033,1,32.0,3,14127,198,68.5,2,1,1,715.635
93,0,27.0,1,3285,64,25.0,3,1,1,185.96
2483,1,36.0,4,14127,198,68.5,2,2,1,837.54
1498,0,15.5,0,3905,26,3.0,3,1,1,945.24
59,0,40.0,2,4575,86,27.0,3,1,1,214.44
929,0,35.0,0,958,14,6.0,3,1,1,38.88
2768,0,39.0,0,495,7,5.0,2,1,2,94.59
2989,0,29.0,2,2583,56,68.5,5,1,1,107.085
712,0,38.0,3,14127,198,29.0,3,1,1,786.96
575,0,35.0,1,2955,28,18.0,3,1,1,247.32
156,0,42.0,1,2440,41,22.0,3,1,1,1279.24
2748,0,15.5,1,4580,40,8.0,3,1,1,944.8
1103,0,38.0,0,3953,63,35.0,1,1,1,220.88
2372,1,41.0,0,1520,63,25.0,3,1,2,215.32
2276,1,41.0,0,3375,49,22.0,3,1,2,240.96
1489,0,21.0,0,1083,25,61.0,4,1,1,57.7
918,0,36.0,0,0,0,0.0,2,1,2,0.0
1187,0,32.0,0,2415,44,19.0,2,1,1,844.155
1696,0,15.5,0,8513,159,34.0,4,1,1,301.8
966,0,37.0,0,875,14,11.0,2,1,2,40.005
2992,0,28.0,2,2240,49,15.0,2,1,1,256.005
2680,0,36.0,3,7205,109,28.0,5,1,1,189.21
540,0,27.0,0,100,15,3.0,2,1,2,5.175
53,0,40.0,1,4258,69,37.0,1,1,1,270.985
1170,0,33.0,0,11100,145,43.0,3,1,1,449.8
2708,0,39.0,0,13963,169,42.0,3,1,1,593.28
1691,0,23.0,0,0,0,0.0,4,1,2,0.0
724,0,36.0,1,5628,97,21.0,2,1,1,334.125
676,1,35.0,0,3180,42,19.0,3,1,2,200.88
848,0,15.5,2,4390,46,11.0,3,1,1,1069.44
792,0,20.0,0,1225,26,12.0,2,1,1,105.795
1080,0,31.0,0,6480,91,20.0,4,1,1,181.775
2844,0,20.0,1,1810,31,13.0,3,1,1,177.64
1265,0,31.0,0,6115,78,20.0,3,1,1,923.72
123,0,34.0,7,10375,90,40.0,4,1,1,261.625
1377,1,28.0,0,1703,28,23.0,3,1,2,117.24
364,0,40.0,0,14127,190,35.0,2,1,1,1437.975
2448,0,15.5,1,4435,36,6.0,3,1,1,1006.84
263,0,44.0,2,3355,37,14.0,3,1,1,1815.735625
1538,0,25.0,2,1610,40,24.0,2,2,1,1005.75
1137,0,36.0,0,2535,50,23.0,2,1,1,894.825
1589,0,24.0,0,663,23,51.0,4,1,1,22.15
1111,0,38.0,0,1993,51,17.0,3,1,1,105.76
1638,0,26.0,1,1125,36,13.0,2,2,1,1033.245
1093,0,23.0,0,2920,55,21.0,3,1,1,123.0
2922,1,40.0,0,1260,59,20.0,3,1,2,176.76
1830,0,26.0,0,6480,85,19.0,4,1,1,164.125
1427,1,37.0,0,2143,46,34.0,3,1,2,239.56
2333,0,29.0,3,14127,198,68.5,2,1,1,775.89
2304,0,36.0,1,2618,62,31.0,2,1,1,152.1
934,0,33.0,2,6255,105,33.0,2,2,1,1393.2
3017,0,39.0,0,305,9,10.0,3,1,2,12.56
333,0,25.0,2,14127,198,68.5,2,1,1,721.935
2829,0,38.0,1,1783,30,5.0,4,1,1,45.325
81,0,38.0,1,688,10,6.0,4,1,1,52.45
1955,0,35.0,0,2760,65,26.0,2,1,1,127.125
1837,0,29.0,0,2475,41,20.0,2,1,1,833.22
1675,0,31.0,0,2420,10,8.0,3,1,1,97.2
1610,0,37.0,0,5728,95,14.0,3,1,1,360.92
122,0,31.0,0,895,44,15.0,2,1,2,91.755
1050,0,36.0,0,4065,65,15.0,2,1,1,185.85
1926,0,34.0,0,3395,46,14.0,3,1,2,177.64
1814,0,30.0,0,14127,170,27.0,2,1,1,1298.25
1378,0,28.0,0,0,0,0.0,2,1,2,0.0
2732,0,37.0,1,305,6,2.0,5,1,1,15.165
1167,0,34.0,0,345,5,4.0,2,1,2,20.25
2593,0,27.0,3,4130,77,40.0,3,1,1,312.28
1824,0,29.0,0,5513,86,21.0,2,1,1,301.455
1945,0,16.0,1,6797,146,40.0,1,2,1,854.865
877,1,37.0,0,2978,55,31.0,3,1,2,289.32
2823,0,38.0,9,10550,98,41.0,5,1,1,159.72
513,0,38.0,0,2495,17,7.0,3,1,1,1815.735625
2789,0,28.0,1,2063,46,68.5,5,1,1,100.635
27,1,36.0,0,2268,44,31.0,3,1,2,228.48
1114,0,37.0,0,14127,179,30.0,2,1,1,1359.855
2678,0,39.0,0,553,14,8.0,3,1,2,178.68
1502,0,35.0,1,2748,64,37.0,2,1,1,1805.04
2383,0,39.0,5,14127,198,68.5,2,2,1,859.23
2212,0,38.0,3,14127,198,32.0,3,1,1,848.52
1564,0,35.0,0,14127,166,13.0,2,1,1,1212.57
1726,0,33.0,0,2875,36,17.0,2,1,2,180.495
2309,0,36.0,1,4740,87,23.0,3,1,1,221.08
1272,0,27.0,0,570,39,11.0,2,1,2,27.405
1579,0,34.0,0,0,0,0.0,3,1,1,0.0
1226,1,37.0,0,2765,37,18.0,2,1,2,180.09
1604,0,37.0,0,2203,58,35.0,2,1,1,223.245
515,0,37.0,0,5900,76,11.0,3,1,1,899.04
559,0,39.0,2,4630,89,29.0,3,1,1,324.76
2319,0,35.0,1,7733,131,41.0,3,1,1,1815.735625
58,0,40.0,1,13833,172,46.0,3,1,1,580.2
1771,0,35.0,0,6223,68,32.0,2,1,1,697.095
1947,0,15.5,3,3257,50,17.0,3,1,1,260.28
1540,0,25.0,0,995,29,20.0,2,1,2,154.08
2624,0,38.0,0,5523,94,11.0,2,1,1,306.765
288,0,33.0,2,1575,46,17.0,3,2,1,896.84
1131,0,36.0,0,383,4,4.0,4,1,1,27.175
2721,0,38.0,1,6908,75,35.0,2,1,1,687.735
866,0,38.0,0,1585,25,11.0,2,1,2,108.45
748,0,15.5,1,4200,39,7.0,3,1,1,993.56
1827,0,29.0,0,1963,32,28.0,3,1,2,155.8
437,0,33.0,0,2600,45,18.0,2,1,1,857.025
1886,0,38.0,0,1360,44,19.0,3,1,2,212.16
2018,1,35.0,0,0,0,0.0,2,1,2,0.0
2697,0,19.0,5,3273,57,25.0,4,1,1,258.25
1393,0,17.0,0,2660,45,15.0,3,1,1,108.2
1866,0,40.0,0,570,14,10.0,2,1,2,30.78
2323,0,34.0,8,10660,97,40.0,5,1,1,171.855
590,0,28.0,0,815,31,11.0,3,1,2,201.84
1732,0,34.0,0,0,0,0.0,5,1,1,9.0
1441,0,27.0,0,700,12,6.0,4,1,2,80.3
2499,0,15.5,2,1973,33,14.0,3,1,1,152.24
1623,0,35.0,8,10245,93,44.0,5,2,1,194.07
2519,0,36.0,1,7633,125,40.0,3,1,1,1815.735625
1763,0,36.0,0,2600,20,3.0,3,1,1,1815.735625
2690,0,30.0,0,1120,37,13.0,3,1,2,242.28
697,0,16.0,3,3042,46,22.0,3,1,1,283.52
2649,1,15.5,1,1193,15,2.0,3,1,1,76.32
2540,0,26.0,0,825,23,4.0,3,1,2,61.92
10,0,38.0,0,5918,95,12.0,3,1,1,268.52
1273,0,30.0,6,10050,85,36.0,4,1,1,253.375
165,0,41.0,2,6580,88,30.0,3,1,1,1050.72
7,0,37.0,2,9115,121,43.0,3,1,1,945.44
1317,0,42.0,0,665,18,12.0,3,1,2,111.32
255,0,44.0,2,4035,92,34.0,3,1,1,353.08
1911,0,37.0,0,2643,59,15.0,3,1,2,144.08
1358,0,30.0,0,13208,153,36.0,3,1,1,534.44
2379,0,44.0,2,2233,41,14.0,4,1,1,111.85
205,0,34.0,0,3695,80,24.0,3,1,1,239.0
732,0,36.0,1,0,0,0.0,5,1,1,0.0
1755,0,36.0,0,3280,75,23.0,2,1,1,222.975
2024,0,34.0,0,5513,92,22.0,2,1,1,337.725
2783,0,33.0,4,14127,198,68.5,2,2,1,828.675
1258,0,32.0,0,13388,161,38.0,3,1,1,541.96
2469,0,42.0,1,7993,141,50.0,3,1,1,1815.735625
1449,1,15.5,0,1363,21,10.0,2,1,1,80.28
5,0,38.0,1,3775,82,28.0,3,1,1,282.28
326,0,29.0,0,2730,31,10.0,2,1,2,124.245
2268,0,43.0,0,385,8,6.0,2,1,2,94.185
2437,0,32.0,1,2825,49,19.0,2,1,1,880.83
690,0,27.0,0,890,26,10.0,2,1,2,126.72
2172,1,37.0,2,1320,56,21.0,3,1,1,167.04
310,0,32.0,0,5658,85,6.0,2,1,1,258.435
2568,1,39.0,0,905,16,17.0,2,1,2,167.445
2761,0,40.0,0,2733,61,22.0,3,1,2,207.76
1410,0,39.0,0,5793,97,15.0,2,1,1,314.55
939,0,25.0,0,858,28,68.0,4,1,1,34.65
35,0,36.0,0,3718,82,28.0,2,1,1,180.0
1720,0,35.0,0,11350,149,48.0,3,1,1,511.96
1958,0,35.0,0,12758,152,42.0,3,1,1,516.4
2777,1,38.0,0,2763,51,36.0,4,1,2,195.35
1134,0,34.0,3,6720,113,33.0,2,2,1,1517.985
1058,0,36.0,0,13468,163,42.0,3,1,1,545.24
492,0,25.0,2,1825,42,28.0,2,1,1,264.015
1625,0,33.0,0,2650,22,16.0,3,1,1,206.88
1933,0,30.0,3,14127,198,68.5,2,1,1,757.035
2631,0,38.0,0,305,6,2.0,4,1,2,25.275
2395,0,25.0,3,6958,157,50.0,2,2,1,801.675
555,0,39.0,2,3890,88,32.0,3,1,1,415.12
2100,0,40.0,1,4675,77,19.0,3,1,1,238.08
2656,0,41.0,2,2780,51,24.0,4,1,1,880.775
113,0,36.0,0,3035,24,6.0,3,1,1,1815.735625
1213,0,40.0,1,2870,23,10.0,3,1,1,1815.735625
2526,1,34.0,0,3115,39,13.0,3,1,2,154.16
549,1,15.5,0,888,9,3.0,3,1,1,35.88
481,0,36.0,0,1228,17,19.0,4,1,2,106.125
624,1,35.0,0,5703,92,20.0,2,1,1,260.775
649,1,15.5,0,1373,13,3.0,2,1,1,62.37
2507,0,36.0,3,9240,119,40.0,3,1,1,934.36
468,0,37.0,0,600,10,15.0,2,1,2,121.95
1070,0,35.0,0,11160,148,45.0,3,1,1,468.32
301,0,33.0,0,0,0,0.0,2,1,2,0.0
2378,0,44.0,0,698,18,10.0,3,1,2,116.64
1089,0,24.0,0,1263,33,66.0,4,1,1,89.9
1101,0,39.0,0,73,2,4.0,2,1,1,25.875
919,0,36.0,0,6798,116,43.0,2,1,1,1815.735625
1921,0,36.0,1,7123,80,35.0,2,1,1,814.635
827,1,41.0,0,2268,50,32.0,4,1,2,162.95
219,0,33.0,0,7428,125,39.0,2,1,1,1815.735625
373,0,39.0,8,10615,101,47.0,5,1,1,178.74
1063,0,36.0,0,2790,21,6.0,3,1,1,1815.735625
661,1,38.0,0,2428,55,20.0,3,1,2,167.32
1739,0,24.0,0,1453,34,68.5,4,1,1,117.175
393,0,28.0,0,3405,69,28.0,3,1,1,214.96
2571,0,39.0,4,7623,91,54.0,2,2,1,959.13
2607,0,39.0,1,8820,117,30.0,3,1,1,877.48
2912,0,45.0,5,14127,198,35.0,3,2,1,903.28
618,1,36.0,0,0,0,0.0,2,1,2,0.0
880,0,34.0,2,7495,108,22.0,5,1,1,147.045
1618,0,36.0,0,0,0,0.0,2,1,2,112.5
12,0,38.0,3,14127,198,32.0,3,1,1,830.6
1706,0,36.0,0,2245,34,19.0,3,1,1,1239.16
379,0,39.0,0,1848,33,11.0,3,1,1,119.24
127,1,34.0,0,2208,41,29.0,3,1,2,205.96
855,0,39.0,2,4485,93,28.0,3,1,1,343.12
2257,0,43.0,4,9500,129,49.0,3,1,1,1029.16
1123,0,36.0,8,10190,90,42.0,4,1,1,257.0
1511,0,36.0,0,2533,58,30.0,3,1,2,191.64
2713,0,39.0,1,3285,27,6.0,3,1,1,1815.735625
189,0,30.0,1,1648,41,68.5,4,1,1,142.225
2205,0,38.0,1,4020,85,28.0,3,1,1,300.2
0,0,38.0,0,4370,71,17.0,3,1,1,197.64
551,0,40.0,0,433,11,8.0,3,1,2,173.76
2299,1,15.5,3,1873,27,13.0,3,1,1,144.0
136,0,33.0,0,1605,41,18.0,3,1,2,197.84
1445,0,18.0,0,6268,143,45.0,1,2,1,842.105
345,0,15.5,0,6133,131,36.0,1,2,1,729.52
472,1,33.0,0,1555,57,32.0,3,1,2,212.48
151,1,43.0,0,398,7,8.0,3,1,2,84.2
552,0,38.0,1,2568,66,28.0,3,1,1,1669.36
2196,0,19.0,2,9298,180,44.0,5,1,1,269.67
436,0,32.0,0,1485,36,15.0,3,1,2,168.84
1321,0,41.0,1,6673,79,41.0,2,1,1,825.84
1995,0,15.5,0,5377,124,40.0,1,2,1,594.055
749,0,15.5,1,1297,18,4.0,3,1,1,52.6
653,0,38.0,0,4388,67,38.0,1,1,1,300.025
186,0,39.0,0,1745,46,24.0,3,1,2,263.64
709,0,38.0,1,4325,82,22.0,3,1,1,176.28
1246,0,17.0,0,8708,167,42.0,4,1,1,411.875
2673,0,39.0,10,10855,105,48.0,5,2,1,224.4
1172,0,29.0,0,590,38,13.0,2,1,2,46.26
1417,0,39.0,0,585,16,11.0,2,1,2,103.545
2876,1,32.0,0,3295,41,17.0,3,1,2,165.44
392,0,28.0,0,1405,40,18.0,2,1,1,200.025
1516,0,35.0,0,1170,18,24.0,2,1,2,116.46
96,0,17.0,1,8993,174,42.0,5,1,1,254.505
2600,0,40.0,0,4075,67,4.0,3,1,1,193.68
2189,0,30.0,2,1933,48,68.5,5,1,1,92.715
911,0,37.0,0,1528,43,17.0,3,1,2,62.84
475,0,34.0,2,3440,32,29.0,3,1,1,222.88
2936,0,42.0,0,1970,56,23.0,4,1,2,183.15
1647,0,15.5,3,2663,45,21.0,3,1,1,332.32
1666,0,34.0,0,455,2,5.0,2,1,2,20.565
2662,0,41.0,5,14127,198,38.0,3,1,1,1003.88
1076,0,33.0,0,2685,35,14.0,2,1,2,131.4
521,0,37.0,0,6118,65,22.0,2,1,1,669.735
2366,0,45.0,0,1440,30,19.0,3,1,2,146.8
240,0,23.0,0,620,23,3.0,2,1,2,28.935
1287,0,30.0,0,2395,45,17.0,2,1,1,820.8
818,0,42.0,0,0,0,0.0,2,1,2,36.0
2190,0,31.0,2,1065,34,11.0,3,1,1,131.96
2642,0,27.0,1,930,28,2.0,2,1,1,74.61
1759,0,36.0,0,4020,76,20.0,3,1,1,163.84
1399,0,15.5,0,0,0,0.0,2,1,1,0.0
470,0,37.0,3,12065,164,62.0,4,1,1,385.725
1270,0,31.0,0,11080,146,41.0,3,1,1,449.04
532,0,36.0,0,0,0,0.0,5,1,1,0.0
2848,0,15.5,2,4505,45,9.0,3,1,1,1034.0
1985,0,33.0,0,2703,65,26.0,2,1,1,124.56
405,0,35.0,1,3595,74,23.0,3,1,1,230.76
2027,1,34.0,0,1963,38,29.0,3,1,2,188.04
1230,0,35.0,1,6560,93,24.0,4,1,1,208.825
1973,0,33.0,6,9420,76,40.0,4,1,1,237.4
1867,0,41.0,0,405,14,7.0,3,1,2,72.76
695,0,17.0,1,6582,142,45.0,2,2,1,725.58
92,0,27.0,1,1285,35,15.0,2,1,1,167.4
1097,0,15.5,2,2548,39,17.0,3,1,1,199.48
2578,0,38.0,0,1038,18,19.0,3,1,2,154.24
2874,0,33.0,1,6123,98,25.0,2,1,1,392.445
1928,0,35.0,0,538,7,1.0,3,1,2,25.8
69,0,39.0,1,7568,130,45.0,3,1,1,1815.735625
375,0,37.0,0,3020,30,19.0,3,1,1,166.0
2192,0,29.0,2,1590,41,17.0,2,1,1,212.895
2717,0,39.0,0,900,14,6.0,2,1,2,72.63
2672,1,36.0,0,1375,59,23.0,3,1,2,277.36
3013,0,39.0,1,2690,22,10.0,3,1,1,1815.735625
601,0,38.0,0,0,0,0.0,2,1,2,0.0
2943,0,32.0,2,3530,73,26.0,4,1,1,147.575
383,1,34.0,3,14127,198,68.5,2,1,1,792.045
592,0,26.0,1,1340,38,17.0,2,1,1,291.51
97,0,18.0,4,2913,48,21.0,3,1,1,262.44
1777,0,34.0,0,1773,37,26.0,3,1,2,144.4
654,0,38.0,0,2583,59,36.0,1,1,1,205.81
2584,0,36.0,6,7870,132,50.0,3,2,1,1516.08
1738,0,25.0,0,1200,31,12.0,2,2,1,932.895
22,1,33.0,0,955,47,17.0,2,1,2,117.09
1521,0,35.0,2,7013,79,50.0,2,1,1,868.14
655,0,38.0,1,3965,83,31.0,3,1,1,325.92
1207,0,39.0,2,8890,117,45.0,3,1,1,948.28
2239,0,26.0,1,1813,42,68.0,4,1,1,126.375
594,0,19.0,1,1810,32,18.0,3,1,1,313.68
1853,0,41.0,0,3893,66,34.0,1,1,1,228.745
34,0,34.0,3,6965,116,33.0,2,2,1,1538.145
1600,0,37.0,0,4180,71,19.0,3,1,1,290.04
801,0,44.0,0,318,11,5.0,3,1,2,73.16
2371,0,45.0,3,7283,91,45.0,2,1,1,916.83
740,0,27.0,0,510,24,4.0,2,1,2,28.53
1145,1,17.0,1,6148,138,42.0,1,2,1,802.23
463,0,38.0,3,3695,37,23.0,3,1,1,1815.735625
947,0,15.5,2,2142,34,19.0,3,1,1,111.04
1875,0,37.0,0,2535,22,13.0,3,1,1,106.28
663,0,38.0,1,3285,28,11.0,3,1,1,1815.735625
213,0,34.0,0,3015,25,4.0,3,1,1,1815.735625
883,1,32.0,4,14127,198,68.5,2,1,1,802.53
3004,0,39.0,0,1988,53,35.0,2,1,1,91.845
338,0,21.0,0,1055,26,5.0,2,2,1,849.645
2472,0,38.0,0,1440,61,24.0,3,1,2,196.04
1162,0,34.0,1,14127,198,28.0,2,1,1,863.595
2567,0,40.0,0,1615,30,25.0,3,1,2,229.8
1641,0,25.0,0,635,10,5.0,4,1,2,131.125
30,0,33.0,1,6785,97,22.0,5,1,1,124.23
755,0,33.0,0,3775,76,27.0,2,1,1,281.295
683,0,31.0,3,14127,198,68.5,2,1,1,783.18
2608,0,40.0,0,13478,165,31.0,3,1,1,573.72
1901,0,38.0,0,723,10,2.0,2,1,2,68.985
1233,0,33.0,3,14127,198,68.5,2,1,1,737.28
2739,0,27.0,0,1758,39,66.0,4,1,1,62.425
689,0,26.0,0,1758,40,68.5,4,1,1,142.45
1946,0,15.5,0,9337,176,38.0,4,1,1,422.825
1756,0,36.0,0,1865,32,13.0,3,1,1,1151.88
2617,0,40.0,0,415,10,2.0,3,1,2,45.0
2804,0,40.0,1,2508,63,32.0,2,1,1,115.695
2118,0,39.0,0,305,6,2.0,2,1,2,45.495
1952,0,34.0,0,1438,43,22.0,2,1,1,1538.145
1810,0,31.0,0,5613,83,9.0,2,1,1,256.32
206,0,34.0,0,2280,37,14.0,3,1,1,1192.68
912,0,37.0,2,14127,198,32.0,3,1,1,701.76
1593,0,23.0,0,2320,45,6.0,3,1,1,94.6
2969,0,40.0,2,8523,144,45.0,3,1,1,1815.735625
1286,0,29.0,0,1280,36,14.0,3,1,2,136.64
2731,0,37.0,0,818,7,2.0,4,1,2,38.125
347,0,15.5,2,2593,35,13.0,3,1,1,169.12
1454,0,33.0,0,1908,44,26.0,1,1,1,107.36
2477,1,41.0,0,2753,58,38.0,4,1,2,200.275
1727,1,34.0,0,2153,39,32.0,3,1,2,231.68
2233,0,31.0,3,14127,198,68.5,2,1,1,776.745
155,0,42.0,2,3855,84,32.0,3,1,1,325.56
2956,0,41.0,2,3375,56,20.0,4,1,1,835.775
2315,0,35.0,1,6725,90,24.0,3,1,1,1004.6
2455,0,43.0,2,4260,96,35.0,3,1,1,374.24
2778,0,38.0,0,628,9,7.0,3,1,2,89.48
1656,0,35.0,0,1940,27,12.0,3,1,1,1062.68
48,0,15.5,1,4390,40,10.0,3,1,1,1037.2
899,0,15.5,2,2197,30,7.0,3,1,1,121.08
2251,0,45.0,0,703,13,10.0,3,1,2,124.64
228,1,32.0,0,0,0,0.0,3,1,2,0.0
1742,0,23.0,0,1110,27,14.0,2,1,1,145.665
2357,0,45.0,4,9680,137,51.0,3,1,1,1056.68
1425,0,35.0,0,2715,24,17.0,3,1,1,125.56
2728,1,37.0,0,305,6,2.0,3,1,2,40.44
2819,0,39.0,1,7623,132,42.0,3,1,1,1815.735625
742,0,25.0,0,1035,31,10.0,2,1,1,92.97
757,0,32.0,1,9115,115,42.0,3,1,1,913.2
1984,0,31.0,1,5950,99,31.0,2,2,1,1347.705
2709,0,39.0,1,4705,83,23.0,3,1,1,219.52
2588,0,29.0,4,2220,52,28.0,3,2,1,974.88
2167,0,42.0,2,1075,23,12.0,3,1,1,143.92
478,0,36.0,0,733,12,17.0,3,1,2,113.8
117,0,36.0,0,650,11,6.0,2,1,2,65.745
3028,0,37.0,0,0,0,0.0,3,1,2,0.0
1121,0,37.0,1,6473,72,37.0,2,1,1,771.525
41,0,26.0,0,825,10,3.0,4,1,2,73.375
444,0,15.5,0,1515,18,9.0,2,1,1,145.485
2937,0,43.0,2,3085,65,26.0,3,1,1,886.0
2603,0,40.0,0,3903,62,22.0,1,1,1,256.575
1883,0,34.0,3,14127,198,68.5,2,1,1,724.86
525,0,34.0,0,2240,12,4.0,3,1,1,90.08
390,0,30.0,0,880,33,12.0,2,1,2,135.585
2243,0,25.0,1,3470,64,23.0,3,1,1,181.36
2736,0,36.0,0,1855,44,18.0,3,1,2,127.96
1203,0,40.0,0,3973,62,37.0,2,1,1,199.575
42,0,25.0,0,1225,32,13.0,2,1,1,142.065
3015,0,38.0,1,6095,81,28.0,3,1,1,919.04
355,0,41.0,1,3955,90,33.0,3,1,1,333.8
84,1,36.0,4,7025,119,35.0,3,2,1,1389.76
2108,0,40.0,1,14078,175,46.0,3,1,1,598.12
621,0,36.0,0,6603,69,33.0,2,1,1,642.24
170,0,41.0,2,11545,156,51.0,4,1,1,345.025
2633,0,33.0,2,14127,198,67.0,2,1,1,752.13
3024,0,37.0,1,5413,93,26.0,2,1,1,283.77
761,1,33.0,0,2238,48,16.0,3,1,2,91.44
1072,0,31.0,0,650,41,15.0,2,1,2,71.595
2581,0,38.0,0,1533,23,21.0,4,1,2,131.4
1820,0,30.0,0,11160,142,44.0,3,1,1,452.08
52,0,39.0,1,2513,63,26.0,3,1,1,1559.04
2904,0,45.0,2,2698,70,36.0,2,1,1,201.06
2780,0,35.0,2,7280,104,27.0,5,1,1,155.76
1278,0,30.0,0,0,0,0.0,2,1,2,0.0
849,1,15.5,2,1487,25,8.0,3,1,1,92.48
311,0,32.0,0,1978,44,11.0,3,1,2,80.88
1471,0,32.0,0,6233,61,30.0,2,1,1,688.23
236,0,31.0,0,1585,42,16.0,3,1,2,177.08
1882,0,39.0,1,33,4,1.0,5,1,1,8.055
609,0,37.0,0,4400,77,21.0,3,1,1,179.08
2857,0,34.0,2,9420,121,44.0,3,1,1,953.64
2494,0,23.0,1,2180,40,21.0,3,1,1,272.8
3010,0,39.0,0,5513,90,14.0,3,1,1,224.12
1463,0,33.0,0,2610,13,1.0,3,1,1,1815.735625
2933,0,38.0,5,14127,198,68.5,2,2,1,815.85
2475,0,39.0,1,3325,36,21.0,3,1,1,206.44
702,0,37.0,0,2263,59,21.0,3,1,1,1492.88
1834,0,27.0,1,6660,104,30.0,2,2,1,1456.38
146,0,15.5,0,8873,168,38.0,4,1,1,396.025
350,0,41.0,0,4550,79,22.0,3,1,1,249.16
1271,0,31.0,0,6333,67,31.0,2,1,1,697.5
838,1,32.0,2,1315,42,12.0,3,2,1,858.28
1930,0,32.0,1,7190,102,20.0,4,1,1,219.8
554,0,39.0,1,2508,64,37.0,2,1,1,268.74
948,0,15.5,0,3680,29,10.0,3,1,1,908.36
914,0,36.0,0,14127,171,30.0,2,1,1,1235.07
693,0,25.0,0,3415,62,26.0,3,1,1,207.08
2986,0,38.0,0,2680,61,22.0,4,1,2,201.025
162,0,42.0,4,14127,198,36.0,3,2,1,873.88
1325,0,38.0,0,2795,26,18.0,3,1,1,144.84
1216,0,39.0,0,650,10,13.0,2,1,2,43.2
257,0,43.0,3,9375,131,49.0,3,1,1,1016.24
1474,1,31.0,0,5333,84,17.0,2,1,1,279.765
614,0,36.0,0,14127,176,26.0,2,1,1,1230.57
570,0,38.0,2,11580,160,51.0,4,1,1,401.0
2345,0,15.5,1,6618,145,40.0,2,2,1,673.335
2157,0,41.0,4,9480,130,47.0,3,1,1,1008.4
75,0,36.0,1,2900,25,16.0,3,1,1,137.0
2314,0,35.0,1,14127,186,28.0,2,1,1,1376.82
787,0,31.0,0,2780,47,22.0,2,1,1,878.715
171,0,41.0,2,6798,77,41.0,2,1,1,840.375
3009,0,39.0,1,4110,78,27.0,3,1,1,167.52
2140,0,29.0,0,1005,31,9.0,3,1,2,109.44
1633,0,30.0,3,14127,198,68.5,2,1,1,838.035
72,1,35.0,1,1015,50,19.0,3,1,1,126.6
3077,0,38.0,0,2573,50,33.0,4,1,2,168.075
2443,0,21.0,1,3270,57,19.0,3,1,1,161.08
1421,0,38.0,0,6593,77,40.0,2,1,1,804.15
2641,0,28.0,0,305,6,2.0,4,1,2,25.275
2616,0,39.0,0,580,10,2.0,2,1,2,58.05
220,0,33.0,0,11385,152,43.0,3,1,1,465.48
2757,0,39.0,3,9610,128,48.0,3,1,1,1029.52
2279,0,42.0,2,2053,33,12.0,4,1,1,94.65
2223,0,36.0,8,10680,96,42.0,5,1,1,172.14
2180,0,37.0,3,7150,106,26.0,5,1,1,147.84
2723,0,37.0,8,10625,93,40.0,4,1,1,285.45
1826,0,28.0,0,2685,29,13.0,2,1,2,122.13
270,0,43.0,2,11725,164,53.0,4,1,1,362.225
441,0,23.0,0,0,0,0.0,4,1,2,25.0
703,0,38.0,0,4008,65,32.0,1,1,1,224.015
419,0,34.0,0,7328,119,38.0,2,1,1,1815.735625
324,1,30.0,0,5558,88,18.0,2,1,1,303.57
2861,0,35.0,0,2543,54,18.0,3,1,2,131.88
447,0,15.5,3,2673,37,14.0,3,1,1,188.4
635,0,35.0,0,3603,76,24.0,2,1,1,165.555
1079,0,34.0,0,1363,19,4.0,3,1,1,55.28
1674,0,33.0,0,5398,86,18.0,2,1,1,246.78
1452,0,32.0,0,1968,46,17.0,2,1,1,1625.13
2854,0,35.0,0,2698,58,34.0,1,1,1,157.08
2207,0,37.0,2,9360,124,43.0,3,1,1,963.36
2645,0,19.0,0,6098,137,29.0,2,2,1,600.075
1275,0,28.0,0,2455,14,8.0,3,1,1,98.76
1117,0,38.0,0,465,11,8.0,2,1,1,70.92
103,0,36.0,0,4138,63,33.0,1,1,1,231.055
176,0,39.0,0,3070,43,20.0,3,1,2,200.52
85,0,38.0,1,3778,85,30.0,3,1,1,182.52
864,0,38.0,1,14127,193,30.0,2,1,1,1448.46
1606,0,37.0,0,2170,39,20.0,3,1,1,1328.36
686,0,35.0,0,1855,45,23.0,3,1,2,264.0
1863,0,41.0,1,2790,27,7.0,3,1,1,1815.735625
82,0,38.0,2,398,7,4.0,5,1,1,19.575
895,0,18.0,2,7102,152,42.0,2,2,1,744.93
1269,0,31.0,0,7123,119,37.0,2,1,1,1815.735625
571,0,38.0,2,6833,81,41.0,2,1,1,941.13
1232,0,38.0,1,0,0,0.0,5,1,1,10.5
1398,0,15.5,0,3825,24,2.0,2,1,1,1041.705
134,0,32.0,2,6905,113,31.0,2,2,1,1512.81
2517,0,37.0,0,835,12,5.0,3,1,2,69.88
2120,0,39.0,2,11770,160,49.0,4,1,1,343.25
597,0,17.0,4,2968,51,23.0,3,2,1,372.76
2843,0,27.0,1,3340,66,22.0,3,1,1,160.24
2458,0,43.0,1,14127,183,51.0,3,1,1,649.64
1163,0,34.0,0,2730,18,4.0,3,1,1,1815.735625
1652,0,34.0,0,2033,48,18.0,2,1,1,1533.645
401,0,36.0,0,0,0,0.0,2,1,2,0.0
2764,0,39.0,1,14127,189,35.0,2,1,1,1474.605
735,0,36.0,0,3528,81,25.0,2,1,1,162.405
495,0,17.0,3,6993,151,57.0,2,2,1,798.48
927,0,35.0,0,1558,33,31.0,3,1,2,99.64
1954,0,35.0,0,1378,41,31.0,1,1,1,78.045
1124,1,36.0,1,5573,95,24.0,2,1,1,363.06
988,1,27.0,1,1315,36,11.0,2,2,1,929.295
178,0,40.0,0,213,4,6.0,3,1,2,48.68
1475,0,29.0,0,2355,8,7.0,3,1,1,94.52
237,0,32.0,0,2700,51,19.0,2,1,1,866.295
2792,0,27.0,1,1720,39,18.0,2,1,1,236.655
1757,0,35.0,1,8620,114,38.0,3,1,1,861.36
2983,0,34.0,5,14127,198,68.5,2,2,1,848.025
580,0,34.0,2,6900,103,26.0,5,1,1,174.045
1802,0,30.0,0,2148,48,21.0,2,1,1,1646.82
1504,0,36.0,1,2688,62,46.0,1,1,1,239.25
1722,0,31.0,0,840,42,18.0,2,1,2,120.69
3043,0,26.0,0,2820,56,25.0,3,1,1,115.04
1616,0,36.0,0,685,14,13.0,2,1,2,143.955
182,0,40.0,2,418,6,6.0,5,1,1,27.36
3025,0,35.0,0,2435,17,16.0,3,1,1,98.08
153,0,42.0,1,4278,68,39.0,1,1,1,299.53
2244,0,18.0,1,1940,29,14.0,2,1,1,223.605
1190,0,23.0,0,335,16,3.0,2,1,2,15.795
1860,0,41.0,0,5613,95,11.0,3,1,1,260.32
3061,0,40.0,0,2543,60,19.0,3,1,2,164.12
573,0,37.0,9,10550,99,46.0,5,1,1,209.235
446,0,15.5,0,8753,163,35.0,4,1,1,377.9
1949,0,15.5,1,1892,24,5.0,3,1,1,80.64
2850,0,35.0,0,4675,71,18.0,2,1,1,231.57
893,0,26.0,1,3935,72,23.0,3,1,1,224.28
1370,0,29.0,0,10900,138,39.0,3,1,1,441.52
2380,0,41.0,3,7350,113,30.0,5,1,1,165.945
949,0,15.5,0,777,8,7.0,3,1,1,31.4
2582,0,38.0,4,1243,20,19.0,5,1,1,66.945
1473,0,31.0,7,9950,79,35.0,4,1,1,250.725
2216,0,37.0,0,1120,17,11.0,2,1,2,82.665
698,0,15.5,1,4580,41,13.0,3,1,1,1080.84
2275,0,40.0,2,3225,30,20.0,3,1,1,198.2
1679,0,33.0,0,1248,13,3.0,3,1,1,50.44
520,0,37.0,0,10865,144,32.0,3,1,1,440.36
1384,0,26.0,1,6400,100,25.0,2,2,1,1413.0
1917,0,37.0,0,1115,19,6.0,2,1,2,114.03
2385,0,44.0,2,4283,98,36.0,3,1,1,271.24
807,0,42.0,3,9115,127,44.0,3,1,1,977.68
2875,0,31.0,0,3145,22,15.0,3,1,1,126.68
850,0,39.0,1,5080,82,17.0,3,1,1,326.48
1482,0,31.0,0,0,0,0.0,5,1,1,0.0
2262,0,44.0,5,14127,198,38.0,3,1,1,914.32
2849,1,15.5,2,1602,24,6.0,3,1,1,65.04
1304,0,42.0,0,2348,62,37.0,1,1,1,187.55
1950,0,35.0,0,3355,54,15.0,2,1,1,153.405
386,0,38.0,0,1845,52,25.0,3,1,2,271.88
780,0,28.0,0,6785,91,21.0,4,1,1,186.9
1513,0,36.0,2,3390,31,21.0,3,1,1,1815.735625
607,0,36.0,1,9000,115,39.0,3,1,1,812.6
336,0,29.0,0,1405,34,14.0,3,1,2,149.56
717,0,38.0,0,520,13,5.0,3,1,2,37.32
416,0,34.0,0,695,6,6.0,2,1,2,31.545
1327,0,40.0,0,2223,48,35.0,3,1,2,258.84
433,0,28.0,3,14127,198,68.5,2,1,1,725.625
1108,0,38.0,0,13528,166,44.0,3,1,1,547.76
716,0,37.0,0,685,13,8.0,2,1,2,31.41
2292,0,31.0,2,1610,40,19.0,2,1,1,236.25
2570,0,39.0,4,12370,170,64.0,4,1,1,411.0
320,0,31.0,0,11205,144,41.0,3,1,1,453.96
507,0,37.0,0,8515,111,28.0,3,1,1,837.04
2177,0,40.0,2,2633,53,35.0,4,1,1,182.15
2313,0,36.0,1,3320,31,6.0,3,1,1,1815.735625
148,0,15.5,0,4330,37,8.0,3,1,1,1014.68
1752,0,35.0,0,1958,53,19.0,2,1,1,1633.995
2344,0,16.0,1,1920,30,12.0,2,1,1,200.25
1588,0,25.0,0,1903,20,8.0,2,2,1,829.035
2548,0,15.5,2,4515,38,7.0,3,1,1,1026.12
1699,1,15.5,0,1068,7,1.0,2,1,1,48.375
406,0,35.0,0,2180,31,13.0,3,1,1,1184.44
502,0,37.0,0,1853,50,9.0,2,1,1,1606.635
1094,0,16.0,0,1390,20,12.0,2,1,1,157.95
3008,0,39.0,0,13368,164,46.0,3,1,1,541.28
1594,0,16.0,0,0,0,0.0,2,1,1,0.0
524,1,36.0,0,5218,88,9.0,2,1,1,261.27
1444,0,19.0,0,1570,28,17.0,2,1,1,215.91
1689,0,23.0,0,1148,27,62.0,4,1,1,29.375
1852,0,40.0,0,2148,60,23.0,3,1,1,1528.32
2123,0,38.0,9,10740,99,44.0,5,1,1,174.585
2421,0,33.0,1,6763,71,33.0,2,1,1,757.53
674,0,36.0,1,6008,99,27.0,2,1,1,432.315
1300,0,42.0,0,4325,75,21.0,3,1,1,228.0
2452,0,42.0,1,2938,74,31.0,3,1,1,1628.48
924,0,35.0,0,5108,87,24.0,2,1,1,238.275
1902,0,36.0,0,2858,65,22.0,2,1,1,1751.535
1561,0,36.0,0,1333,38,4.0,3,1,2,54.84
2601,0,41.0,0,305,6,2.0,3,1,2,40.44
1487,0,31.0,0,2295,39,16.0,2,1,1,811.53
1064,0,35.0,0,14127,176,28.0,2,1,1,1334.52
2126,1,37.0,0,3295,47,18.0,3,1,2,197.68
1409,0,39.0,0,4390,85,28.0,3,1,1,203.0
289,0,32.0,1,1828,49,68.5,5,1,1,95.655
1153,0,34.0,0,3833,57,31.0,2,1,1,175.05
2150,0,42.0,2,4735,80,21.0,3,1,1,260.6
2545,0,16.0,2,6518,139,39.0,2,2,1,664.065
1708,0,36.0,0,13658,164,45.0,3,1,1,560.88
1194,0,15.5,0,1330,17,10.0,2,1,1,132.615
2283,0,37.0,5,14127,198,68.5,2,1,1,828.27
169,0,41.0,1,7588,129,47.0,3,1,1,1815.735625
2623,0,38.0,7,10140,89,29.0,5,1,1,163.935
1238,0,29.0,1,1090,32,13.0,2,2,1,932.49
539,0,26.0,0,968,29,53.0,4,1,1,47.425
370,0,40.0,1,11645,162,52.0,4,1,1,350.175
2406,0,34.0,1,2405,35,14.0,3,1,1,1205.6
309,0,32.0,0,4255,73,19.0,3,1,1,173.12
2142,0,27.0,1,1530,38,15.0,2,1,1,187.56
2966,0,40.0,0,1890,31,13.0,2,1,2,153.945
1913,0,37.0,1,3500,32,6.0,3,1,1,1815.735625
2931,0,43.0,0,933,19,7.0,4,1,2,83.8
677,1,36.0,0,2458,45,34.0,3,1,2,272.12
2173,1,40.0,10,10800,102,46.0,5,2,1,183.03
2554,0,40.0,3,3298,74,50.0,2,1,1,286.74
1637,0,35.0,0,2590,53,25.0,2,1,1,1018.935
1645,0,16.0,1,6203,141,44.0,2,2,1,780.48
450,0,38.0,2,4970,81,32.0,3,1,1,306.04
271,0,43.0,2,6978,85,43.0,2,1,1,871.335
862,1,39.0,4,14127,198,32.0,3,1,1,891.44
2738,0,28.0,1,1505,36,9.0,2,2,1,825.345
791,0,21.0,0,825,4,2.0,4,1,2,53.225
394,0,21.0,0,1875,34,19.0,2,1,1,261.405
83,0,33.0,4,14127,198,68.5,2,1,1,759.42
529,0,36.0,0,1068,15,3.0,3,1,1,43.32
410,0,35.0,0,5738,87,7.0,3,1,1,233.0
1227,0,38.0,0,2043,40,33.0,3,1,2,231.32
128,1,34.0,0,0,0,0.0,3,1,2,0.0
796,0,15.5,0,8932,165,39.0,4,1,1,389.925
869,0,38.0,1,8218,138,43.0,3,1,1,1815.735625
905,0,37.0,0,3065,71,28.0,3,1,1,153.44
1591,0,24.0,0,0,0,0.0,4,1,2,0.0
129,0,34.0,0,1608,22,4.0,3,1,1,65.2
619,0,36.0,0,7393,121,39.0,2,1,1,1815.735625
1337,0,40.0,0,2735,57,27.0,2,1,1,949.14
1292,0,19.0,0,840,24,7.0,2,1,1,47.88
2201,0,39.0,0,563,8,4.0,3,1,2,58.84
1634,0,33.0,3,6775,116,35.0,2,2,1,1642.095
192,0,29.0,1,1305,34,17.0,2,1,1,190.755
2859,0,35.0,1,4820,83,26.0,3,1,1,200.12
365,0,40.0,1,6680,94,31.0,3,1,1,1058.96
1186,0,31.0,0,1300,35,16.0,3,1,2,157.4
2076,1,33.0,0,2685,35,14.0,2,1,2,131.4
2684,0,37.0,5,7385,128,39.0,3,2,1,1540.52
2982,0,39.0,3,1353,21,4.0,5,1,1,49.11
1544,0,16.0,1,1990,30,27.0,2,1,1,279.9
722,0,33.0,0,765,46,14.0,2,1,2,67.995
196,0,19.0,1,9013,173,44.0,5,1,1,262.29
3037,0,37.0,0,2375,48,25.0,2,1,1,815.535
380,0,36.0,1,6965,105,27.0,5,1,1,143.55
325,0,28.0,0,2580,12,8.0,3,1,1,103.68
3040,0,28.0,0,295,20,9.0,3,1,2,12.6
73,1,38.0,9,10495,96,44.0,5,2,1,167.865
2308,0,36.0,1,13998,173,42.0,3,1,1,594.84
1150,0,34.0,0,4005,62,13.0,2,1,1,183.015
2350,0,46.0,2,4935,87,25.0,3,1,1,308.88
2312,0,36.0,3,14127,198,30.0,3,1,1,827.76
858,0,39.0,1,14127,180,44.0,3,1,1,618.52
2336,0,33.0,0,1890,48,18.0,3,1,2,217.52
859,0,39.0,2,5225,94,25.0,3,1,1,252.76
1599,0,15.5,0,0,0,0.0,2,1,1,0.0
2356,0,46.0,2,2925,55,26.0,4,1,1,842.0
369,0,40.0,0,7688,135,48.0,2,1,1,1815.735625
2420,0,33.0,1,11510,150,43.0,4,1,1,309.0
226,1,31.0,0,2910,39,12.0,3,1,2,117.96
2305,0,36.0,1,4000,86,26.0,3,1,1,279.44
1497,0,15.5,2,2368,31,12.0,3,1,1,147.96
2671,0,40.0,3,7138,87,43.0,3,1,1,877.0
1350,0,30.0,0,3805,55,9.0,2,1,1,173.7
2339,0,24.0,1,1793,43,66.0,4,1,1,113.4
2191,0,30.0,2,1190,19,7.0,4,1,1,112.725
2573,0,38.0,1,11340,109,59.0,5,1,1,215.235
2464,0,42.0,1,14127,196,37.0,2,1,1,1483.47
995,0,17.0,1,6392,141,42.0,2,2,1,676.485
185,0,40.0,1,3798,84,32.0,3,1,1,203.28
1859,0,41.0,1,4210,83,24.0,3,1,1,183.72
3062,0,40.0,4,14127,198,34.0,3,1,1,871.04
2181,1,40.0,2,993,16,8.0,4,1,1,77.725
2103,0,40.0,1,4503,72,37.0,1,1,1,295.625
3020,0,38.0,1,11060,149,49.0,4,1,1,280.225
131,0,34.0,0,568,4,2.0,4,1,2,24.3
563,0,39.0,2,3210,33,12.0,4,1,1,1368.575
2332,0,34.0,1,305,6,2.0,5,1,1,15.165
24,1,36.0,1,5818,98,24.0,2,1,1,383.22
2563,0,40.0,4,4000,43,25.0,4,1,1,1378.575
2695,0,20.0,3,6813,153,48.0,2,2,1,871.47
124,0,34.0,0,5758,95,22.0,2,1,1,357.885
1075,0,32.0,0,2535,16,12.0,3,1,1,102.04
1438,0,28.0,0,1190,38,14.0,2,2,1,941.76
1135,0,36.0,0,3473,79,28.0,2,1,1,159.84
1660,0,35.0,0,5498,83,6.0,2,1,1,251.145
2824,0,38.0,2,5933,103,23.0,2,1,1,379.62
1520,0,35.0,2,11760,158,60.0,3,1,1,576.72
2432,0,32.0,1,305,6,2.0,5,1,1,15.165
1854,0,41.0,0,2088,58,32.0,2,1,1,110.07
2583,0,33.0,6,14127,198,68.5,2,2,1,901.53
2508,0,37.0,1,13898,167,41.0,3,1,1,590.6
2539,0,25.0,1,1693,37,65.0,5,1,1,64.95
3096,0,17.0,1,9237,177,42.0,5,1,1,261.21
418,1,34.0,0,0,0,0.0,2,1,2,0.0
2423,0,32.0,8,10480,89,38.0,5,1,1,169.035
2445,0,15.5,1,6438,137,38.0,2,2,1,642.375
13,0,38.0,1,3095,27,8.0,3,1,1,1815.735625
104,0,36.0,0,2333,55,31.0,1,1,1,131.34
488,0,27.0,3,1915,46,26.0,2,2,1,1051.245
259,0,44.0,2,4775,93,31.0,3,1,1,262.72
135,0,34.0,0,3658,79,26.0,2,1,1,168.165
